SITE$,FSVLAFTER,TOTAFTER,MASSaft,RCM,CSIZE
OR,54,126,,,
OR,55,116,2.7535,0.202433267,1
OR,55,132,3.2,0.1026875,1
OR,55,127,4.3802,0.133464225,1
OR,55,101,3.9991,0.122677602,1
OR,55,134,3.7208,0.236051387,2
OR,55,112,2.9745,0.324794083,2
OR,55,127,,,
OR,56,137,3.2477,0.176001478,1
OR,56,134,4.3895,0.132087937,1
OR,56,136,3.8863,0.144250315,1
OR,56,120,5.4683,0.31426586,3
OR,57,137,4.3882,0.123718153,1
OR,57,110,3.474,0.159959701,1
OR,57,119,3.5196,0.170076145,1
OR,57,94,3.32,0.175301205,1
OR,57,134,3.9968,0.112214772,1
OR,57,122,4.4613,0.136484881,1
OR,57,118,,,1
OR,57,111,3.7109,0.180414455,1
OR,57,128,5.0315,0.100864553,1
OR,57,128,4.0623,0.157053886,1
OR,57,136,5.2915,0.106453747,1
OR,57,118,3.4122,0.136803235,1
OR,57,140,3.44,0.325290698,2
OR,57,122,4.0424,0.244780329,2
OR,57,137,4.0458,0.25903406,2
OR,57,130,3.7279,0.2261595,2
OR,57,100,3.5611,0.34739266,2
OR,57,134,4.2739,0.234750462,2
OR,57,129,4.2486,,
OR,57,108,4.2499,,
OR,58,134,3.2409,0.2878,1
OR,58,138,3.4205,0.172781757,1
OR,58,124,3.934,0.139247585,1
OR,58,131,3.483,0.142980189,1
OR,58,136,4.38,0.116232877,1
OR,58,135,4.5097,0.143823314,1
OR,58,141,4.8848,0.101928431,1
OR,58,105,4.952,,1
OR,58,89,3.1149,0.29564352,2
OR,58,140,3.7674,0.230848861,2
OR,58,117,3.3996,0.265913637,2
OR,58,114,3.2186,0.287112409,2
OR,58,114,3.4696,0.283462071,2
OR,58,135,3.9012,0.247898083,2
OR,58,130,4.1013,0.21763831,2
OR,58,110,3.1206,0.316573736,2
OR,58,102,4.1874,0.225605388,2
OR,58,106,3.9538,0.262456371,2
OR,58,139,3.9183,0.24056351,2
OR,58,131,4.6827,0.211437846,2
OR,58,116,4.1861,0.189006474,2
OR,58,104,5.542,,
OR,58,126,4.5423,,
OR,58,134,4.4174,,
OR,59,138,4.3276,0.126051391,1
OR,59,124,4.4388,0.130665946,1
OR,59,112,3.4899,0.160921516,1
OR,59,99,3.5678,0.12256853,1
OR,59,133,3.3773,0.199597311,1
OR,59,115,3.777,0.17593328,1
OR,59,126,3.6694,0.164495558,1
OR,59,88,3.3831,0.144867134,1
OR,59,136,4.27,0.132552693,1
OR,59,123,4.19,0.126968974,1
OR,59,122,4.7352,0.240698772,1
OR,59,122,4.4349,0.122257548,1
OR,59,137,4.3912,0.119375114,1
OR,59,140,4.68,0.118824786,1
OR,59,133,4.39,0.156856492,1
OR,59,110,3.8027,0.144739264,1
OR,59,135,3.9035,0.220238248,2
OR,59,145,4.2344,0.229619309,2
OR,59,145,3.4619,0.290967388,2
OR,59,137,3.9411,0.217553475,2
OR,59,138,3.9,0.242307692,2
OR,59,133,4.0327,0.253453022,2
OR,59,118,3.6283,0.232285092,2
OR,59,132,3.9115,0.238297328,2
OR,59,112,3.6703,0.276816609,2
OR,59,141,3.8387,0.253705682,2
OR,59,115,3.3053,0.265240674,2
OR,59,137,3.5993,0.293334815,2
OR,59,139,3.9362,0.257176973,2
OR,59,136,3.7651,0.284348357,2
OR,59,113,3.5888,0.274492867,2
OR,59,124,4.3192,0.253195036,2
OR,59,133,3.7691,0.265076543,2
OR,59,138,3.8031,,2
OR,59,138,3.8884,0.252957515,2
OR,59,110,3.8023,0.228966678,2
OR,59,140,3.2878,0.402396739,3
OR,59,114,3.5833,0.382133787,3
OR,59,108,3.8608,,4
OR,59,131,,,
OR,59,124,4.3144,,
OR,59,134,,,
OR,59,138,4.3466,,
OR,60,131,4.1658,0.13754861,1
OR,60,133,4.3645,0.129407721,1
OR,60,109,4.95,0.115717172,1
OR,60,130,3.4874,0.144061478,1
OR,60,104,4.0309,0.151975986,1
OR,60,128,4.2263,0.152828715,1
OR,60,134,3.5304,0.150096306,1
OR,60,131,3.6869,0.14150099,1
OR,60,136,3.8061,0.164367725,1
OR,60,127,4.468,0.145232766,1
OR,60,135,4.1115,0.15828773,1
OR,60,143,3.9192,0.145259237,1
OR,60,126,4.0671,0.12714219,1
OR,60,134,3.6567,0.142642273,1
OR,60,94,3.4537,0.13116368,1
OR,60,138,3.8227,0.157715751,1
OR,60,112,4.7053,0.115848086,1
OR,60,124,3.9986,0.076551793,1
OR,60,131,4.7628,0.115814227,1
OR,60,119,4.0979,0.125722931,1
OR,60,126,3.6991,0.28566408,2
OR,60,124,3.8109,0.252171403,2
OR,60,145,5.0163,0.224926739,2
OR,60,137,4.3739,0.233407257,2
OR,60,144,4.1885,0.246794795,2
OR,60,149,3.7592,0.274313684,2
OR,60,118,4.3145,0.222296906,2
OR,60,138,3.7858,0.264461937,2
OR,60,132,4.188,0.214446036,2
OR,60,126,4.4175,0.219377476,2
OR,60,144,3.8754,0.250709604,2
OR,60,140,4.1368,0.229597757,2
OR,60,145,4.3726,0.235992316,2
OR,60,104,3.9878,0.189703596,2
OR,60,120,3.4188,0.323183573,2
OR,60,125,4.101,0.249280663,2
OR,60,145,3.799,0.282337457,2
OR,60,124,3.3231,0.363997472,2
OR,60,141,5.2439,0.207441027,2
OR,60,135,,,2
OR,60,146,3.8385,0.260570535,2
OR,60,110,3.5916,0.292627241,2
OR,60,122,3.4724,0.271310909,2
OR,60,120,4.284,0.224906629,2
OR,60,136,4.3116,0.210223583,2
OR,60,128,4.1765,0.237950437,2
OR,60,117,3.9065,0.250428773,2
OR,60,128,4.4733,0.242416113,2
OR,60,125,4.236,0.21403011,2
OR,60,115,5.8341,,2
OR,60,127,4.0082,0.227558505,2
OR,60,132,5.3128,0.194624304,2
OR,60,129,4.1138,0.262093442,2
OR,60,126,4.517,0.286141244,2
OR,60,138,4.2296,0.287994137,2
OR,60,142,5.0166,0.215404856,2
OR,60,133,4.0058,0.223026611,2
OR,60,140,4.6756,0.236867996,2
OR,60,142,4.8926,0.177145076,2
OR,60,138,6.3172,0.163078579,2
OR,60,131,5.3819,0.214998421,2
OR,60,116,4.5235,0.216779043,2
OR,60,127,5.0122,0.175352141,2
OR,60,141,4.48,0.2296875,2
OR,60,119,4.4901,0.261597737,2
OR,60,143,5.38,0.199126394,2
OR,60,120,3.886,0.293901184,2
OR,60,135,3.9594,0.23407587,2
OR,60,135,4.554,0.197562582,2
OR,60,128,4.355,0.239334099,2
OR,60,137,4.5683,0.235908325,2
OR,60,137,4.0784,0.271356414,2
OR,60,138,4.0371,0.303609026,3
OR,60,145,4.1605,0.371589953,3
OR,60,139,4.7289,0.300725327,3
OR,60,128,4.4764,0.333996068,3
OR,60,103,,,
OR,60,118,6.4914,,
OR,60,144,5.6631,,
CP,61,164,6.657,0.207390717,2
CP,61,115,5.7247,0.168917148,2
OR,61,136,4.3653,0.108537787,1
OR,61,123,3.4637,0.15867425,1
OR,61,134,4.2391,0.116746479,1
OR,61,107,4.0918,0.12889193,1
OR,61,134,4.093,0.12509162,1
OR,61,120,4.3211,,1
OR,61,109,4.6427,0.105800504,1
OR,61,122,4.0201,0.132583767,1
OR,61,112,8.1649,0.065524379,1
OR,61,139,5.5138,0.116562081,1
OR,61,124,4.1018,0.109464138,1
OR,61,140,4.4455,0.120436396,1
OR,61,141,4.6045,0.120469106,1
OR,61,139,4.8114,0.192771335,2
OR,61,102,4.199,0.241462253,2
OR,61,145,4.8795,0.2117635,2
OR,61,119,4.0299,0.287749076,2
OR,61,136,4.2378,0.222403134,2
OR,61,143,3.1368,0.304514155,2
OR,61,131,3.7683,0.295783244,2
OR,61,125,3.228,0.34649938,2
OR,61,135,2.928,0.29170082,2
OR,61,136,3.9649,0.280814144,2
OR,61,101,4.5657,0.242635302,2
OR,61,131,4.2242,0.265352019,2
OR,61,104,3.3915,0.320153324,2
OR,61,115,3.1318,0.312759435,2
OR,61,117,3.4895,0.300100301,2
OR,61,132,3.8282,0.275717047,2
OR,61,135,4.314,0.222716736,2
OR,61,128,3.4663,0.328159709,2
OR,61,126,3.7594,0.252380699,2
OR,61,131,3.9388,0.26190718,2
OR,61,148,4.3288,0.189521345,2
OR,61,137,4.5537,0.1871006,2
OR,61,128,4.109,0.286225359,2
OR,61,151,3.6918,0.26799935,2
OR,61,95,4.6086,0.225491472,2
OR,61,112,4.5177,0.234433451,2
OR,61,146,4.5879,0.221626452,2
OR,61,137,4.4687,0.274240831,2
OR,61,130,4.9768,0.18939881,2
OR,61,133,3.3916,0.317637693,2
OR,61,118,4.4716,0.251475982,2
OR,61,130,4.7292,0.251564747,2
OR,61,132,4.3787,0.247150981,2
OR,61,142,5.0668,0.196990211,2
OR,61,119,4.0581,0.290456125,2
OR,61,116,4.4815,0.232288296,2
OR,61,138,3.7874,0.267993874,2
OR,61,144,5.448,0.190675477,2
OR,61,128,4.416,0.207336957,2
OR,61,147,4.65,0.210301075,2
OR,61,124,4.8471,0.200078397,2
OR,61,138,5.0102,0.205400982,2
OR,61,110,3.8615,,2
OR,61,139,4.9404,0.2189094,2
OR,61,138,4.4445,0.224479694,2
OR,61,126,5.0652,0.183408355,2
OR,61,110,4.6527,0.205085219,2
OR,61,129,4.4555,0.191628325,2
OR,61,144,4.3848,0.243705528,2
OR,61,136,5.3517,0.163013622,2
OR,61,140,4.5051,0.263235,2
OR,61,116,4.9973,0.23416645,2
OR,61,129,4.44,0.226103604,2
OR,61,134,4.8063,0.212720804,2
OR,61,129,4.2351,0.263228731,2
OR,61,131,4.2037,0.228917382,2
OR,61,124,3.7095,0.366545357,3
OR,61,138,3.6554,0.32986814,3
OR,61,73,3.8125,,3
OR,61,138,4.495,0.293170189,3
OR,61,129,5.5185,0.297182205,3
OR,61,140,5.7536,0.229612764,3
OR,61,123,4.7749,0.320634987,3
OR,61,143,3.7146,0.404000431,3
OR,61,138,6.0791,0.264266092,3
OR,61,121,4.1667,0.315405477,3
OR,61,114,5.5004,0.245545778,3
OR,61,124,4.4596,0.298524531,3
OR,61,140,4.41,0.301587302,3
OR,61,140,6.3148,,
OR,61,145,5.1457,,
OR,61,120,4.7195,,
OR,61,136,3.8678,,
OR,61.5,145,4.6703,0.218230092,2
OR,62,107,4.7466,0.113217882,1
OR,62,131,5.144,0.106823484,1
OR,62,144,4.1342,0.14290552,1
OR,62,130,3.3658,0.156426407,1
OR,62,136,5.0758,0.066669294,1
OR,62,140,4.68,0.123931624,1
OR,62,127,4.1316,0.12663375,1
OR,62,125,4.6736,,1
OR,62,146,4.667,0.117634455,1
OR,62,138,4.6428,0.124278453,1
OR,62,122,4.3463,0.114488185,1
OR,62,109,4.6138,,1
OR,62,139,6.013,0.089406286,1
OR,62,135,4.9667,0.098193972,1
OR,62,115,4.3713,0.219934573,2
OR,62,137,4.397,0.263475097,2
OR,62,149,4.1905,0.219782842,2
OR,62,139,5.275,0.207924171,2
OR,62,119,5.1037,0.220271568,2
OR,62,116,4.3456,0.263277798,2
OR,62,124,4.5516,0.208542051,2
OR,62,138,4.5781,0.216727463,2
OR,62,135,4.8351,0.198754938,2
OR,62,121,4.825,0.217326425,2
OR,62,152,5.2503,0.212616422,2
OR,62,138,4.0355,0.28375666,2
OR,62,144,5.3388,,2
OR,62,134,4.8409,0.159288562,2
OR,62,130,4.81,0.177962578,2
OR,62,108,4.3338,0.254164936,2
OR,62,137,4.5806,0.227895909,2
OR,62,140,4.11,0.260340633,2
OR,62,134,3.7077,0.294899803,2
OR,62,142,3.2035,0.318557827,2
OR,62,109,5.2695,0.196584116,2
OR,62,132,3.7688,0.263054553,2
OR,62,135,4.5087,0.243129949,2
OR,62,141,4.699,0.252223877,2
OR,62,142,4.2796,0.273600336,2
OR,62,137,3.995,0.302403004,2
OR,62,126,3.981,0.261743281,2
OR,62,135,3.8501,0.28916132,2
OR,62,136,3.9995,0.277709714,2
OR,62,119,3.987,0.268096313,2
OR,62,107,4.4413,0.215184743,2
OR,62,148,4.3799,0.23158063,2
OR,62,112,4.092,0.226173021,2
OR,62,141,4.3345,0.207198062,2
OR,62,122,4.476,0.239588919,2
OR,62,120,4.3975,0.240272882,2
OR,62,139,4.41,0.232675737,2
OR,62,137,4.639,0.219228282,2
OR,62,104,4.09,0.276185819,2
OR,62,132,4.3324,0.227541317,2
OR,62,146,4.5859,0.24546981,2
OR,62,112,4.1504,0.230026022,2
OR,62,134,4.7912,0.216021039,2
OR,62,119,4.7085,0.218137411,2
OR,62,140,4.75,0.230273684,2
OR,62,127,5.4506,0.201904377,2
OR,62,115,4.2366,0.24094793,2
OR,62,138,5.4205,0.204630569,2
OR,62,118,4.1771,0.253142132,2
OR,62,131,5.6373,0.18906214,2
OR,62,122,4.9275,0.247975647,2
OR,62,116,4.1958,0.271962439,2
OR,62,130,4.7734,0.231365484,2
OR,62,124,5.065,0.226594274,2
OR,62,121,5.0499,0.231291709,2
OR,62,127,4.9664,0.227528995,2
OR,62,135,5.6289,0.182557871,2
OR,62,113,5.2941,0.204246236,2
OR,62,148,4.909,0.198757384,2
OR,62,131,4.1308,0.254381718,2
OR,62,143,5.57,0.181113106,2
OR,62,142,4.93,0.238843813,2
OR,62,126,4.7486,0.24546182,2
OR,62,121,4.8967,0.249555823,2
OR,62,134,4.3241,0.264448093,2
OR,62,98,4.4008,0.277290493,2
OR,62,121,5.4329,0.181597305,2
OR,62,110,,,2
OR,62,136,4.2633,0.249759576,2
OR,62,125,5.8089,0.200657612,2
OR,62,138,5.0389,0.161225664,2
OR,62,119,4.4986,0.252723069,2
OR,62,136,5.262,0.214633219,2
OR,62,112,4.9898,0.244759309,2
OR,62,139,4.593,0.289875898,3
OR,62,135,4.963,0.279629256,3
OR,62,134,4.2302,0.245496667,3
OR,62,127,4.4162,0.358045378,3
OR,62,144,4.9592,0.306984998,3
OR,62,144,3.9987,0.423912772,3
OR,62,133,4.2544,,3
OR,62,130,4.8899,0.287101986,3
OR,62,147,4.983,0.341561308,3
OR,62,117,4.1797,0.324185946,3
OR,62,103,4.1256,0.370224937,3
OR,62,126,5.8237,0.220495561,3
OR,62,116,4.2481,0.356653563,3
OR,62,147,4.466,0.328996865,3
OR,62,143,4.7206,0.329873321,3
OR,62,116,5.3815,0.243129239,3
OR,62,122,5.1331,0.301318891,3
OR,62,142,4.54,0.325110132,3
OR,62,127,4.6347,0.362267245,3
OR,62,142,4.6138,0.321643764,3
OR,62,152,6.219,0.260218685,3
OR,62,122,4.737,0.307705299,3
OR,62,138,5.436,0.247737307,3
OR,62,124,,,
OR,62,118,,,
OR,62,141,4.1253,,
OR,62,95,4.5756,,
OR,62,144,7.2916,,
OR,62,124,,,
OR,62,144,,,
OR,62,141,,,
OR,62.5,147,4.3136,0.200064911,2
CP,63,138,6.1506,,2
CP,63,142,,,
OR,63,87,5.3527,0.089543595,1
OR,63,116,5.0085,0.079405011,1
OR,63,144,4.6632,0.117944759,1
OR,63,104,4.244,0.094250707,1
OR,63,146,4.6004,0.108686201,1
OR,63,88,3.4271,0.168626536,1
OR,63,85,5,0.10562,1
OR,63,114,5.0636,0.101350818,1
OR,63,135,,,1
OR,63,147,5.5827,0.087305426,1
OR,63,112,4.0916,0.132833122,1
OR,63,120,4.2132,0.135929934,1
OR,63,120,4.2894,0.136475964,1
OR,63,134,4.5015,0.128534933,1
OR,63,148,4.2621,0.145562047,1
OR,63,129,4.8628,,1
OR,63,106,5.4786,0.103621363,1
OR,63,145,5.4662,0.112107131,1
OR,63,141,5.5226,0.108897983,1
OR,63,128,6.0291,0.106914797,1
OR,63,147,5.7244,0.069876319,1
OR,63,127,5.8669,0.102933406,1
OR,63,121,4.5022,0.251521478,2
OR,63,137,4.7021,0.217158291,2
OR,63,148,4.194,0.251287554,2
OR,63,139,4.6136,0.221453962,2
OR,63,137,5.0356,0.216577965,2
OR,63,144,4.9761,0.183698077,2
OR,63,112,4.1238,0.236602163,2
OR,63,128,4.9478,0.175572982,2
OR,63,,5.7009,0.191934607,2
OR,63,133,4.3626,0.212258745,2
OR,63,146,4.2088,0.297638282,2
OR,63,145,4.463,0.273515572,2
OR,63,116,4.6168,0.259833651,2
OR,63,133,4.5239,0.229669091,2
OR,63,141,3.9599,0.240990934,2
OR,63,111,4.0839,0.292343103,2
OR,63,149,3.901,0.256036914,2
OR,63,142,3.9434,0.238449054,2
OR,63,130,3.9964,0.268141327,2
OR,63,,4.162,0.263238827,2
OR,63,147,4.4265,0.247780413,2
OR,63,105,3.7589,0.265795845,2
OR,63,150,5.035,0.207706058,2
OR,63,130,4.5175,0.27260653,2
OR,63,134,4.268,0.305084349,2
OR,63,110,4.1371,0.25551715,2
OR,63,136,4.5605,0.296941125,2
OR,63,128,4.9247,0.211444352,2
OR,63,142,4.2736,0.255732872,2
OR,63,120,3.5504,0.293797882,2
OR,63,113,4.3174,0.277759763,2
OR,63,138,5.0798,0.258514115,2
OR,63,145,3.9576,0.27852739,2
OR,63,110,3.7578,0.259087764,2
OR,63,125,4.6486,0.260314934,2
OR,63,117,5.3426,0.225863812,2
OR,63,115,4.0739,0.265347701,2
OR,63,118,4.6585,0.231598154,2
OR,63,132,4.529,0.261492603,2
OR,63,133,4.2215,0.24893995,2
OR,63,114,4.722,0.254341381,2
OR,63,144,4.0254,0.268172107,2
OR,63,136,4.943,0.215456201,2
OR,63,142,4.7274,0.231099547,2
OR,63,135,4.4965,0.242366285,2
OR,63,126,4.484,0.238983051,2
OR,63,123,5.0165,0.218100269,2
OR,63,104,4.5845,0.244279638,2
OR,63,139,4.151,0.266682727,2
OR,63,137,4.4271,0.258927966,2
OR,63,119,4.5586,0.220813408,2
OR,63,140,4.9025,0.192310046,2
OR,63,138,5.0827,0.189781022,2
OR,63,113,5.1317,0.233723717,2
OR,63,125,4.6037,0.213632513,2
OR,63,127,4.5133,0.252608956,2
OR,63,140,4.8732,0.235081671,2
OR,63,141,4.7227,0.21403011,2
OR,63,138,4.1034,0.276404932,2
OR,63,120,5.1664,0.198203778,2
OR,63,117,5.599,0.213252366,2
OR,63,132,4.7071,,2
OR,63,140,4.032,0.244122024,2
OR,63,137,3.3671,0.316503816,2
OR,63,112,4.7852,0.224776394,2
OR,63,116,3.6758,0.297078187,2
OR,63,125,4.5364,0.297372366,2
OR,63,118,4.8397,0.23910573,2
OR,63,130,4.9609,0.254147433,2
OR,63,112,4.4105,0.239632695,2
OR,63,137,5.4003,0.242912431,2
OR,63,122,4.9313,0.227201752,2
OR,63,123,5.259,0.185966914,2
OR,63,133,5.0637,0.251989652,2
OR,63,126,4.7839,0.22322791,2
OR,63,116,4.7198,0.213356498,2
OR,63,108,5.3308,0.187045096,2
OR,63,134,5.3489,0.191347754,2
OR,63,136,5.8301,0.198778752,2
OR,63,141,5.17,0.20729207,2
OR,63,147,4.88,0.240286885,2
OR,63,140,5.52,0.20817029,2
OR,63,137,4.85,0.285402062,2
OR,63,118,4.3042,0.305143813,2
OR,63,144,5.6562,0.169141827,2
OR,63,149,4.4442,0.269137303,2
OR,63,141,5.346,0.195922185,2
OR,63,126,5.0898,0.179496247,2
OR,63,69,4.7688,0.236935917,2
OR,63,120,5.3194,0.18304696,2
OR,63,130,4.1135,0.23799684,2
OR,63,144,5.0581,0.200905478,2
OR,63,112,5.0872,0.221732977,2
OR,63,131,5.0179,0.376452301,3
OR,63,142,4.315,0.353395133,3
OR,63,141,5.0677,0.302326499,3
OR,63,130,4.9603,0.284539242,3
OR,63,140,,,3
OR,63,137,4.6212,0.331407427,3
OR,63,153,5.1127,0.299235238,3
OR,63,90,3.414,0.460632689,3
OR,63,128,4.6632,0.356257506,3
OR,63,144,4.2405,0.333451244,3
OR,63,118,5.4952,0.267706362,3
OR,63,119,4.8968,,3
OR,63,146,5.1594,0.295266891,3
OR,63,125,4.8301,0.307695493,3
OR,63,135,5.5455,0.276746912,3
OR,63,126,6.2818,0.224824095,3
OR,63,146,6.23,0.262439807,3
OR,63,130,4.6221,0.286471517,3
OR,63,117,4.7221,0.302831367,3
OR,63,97,,,
OR,63,129,,,
OR,63,106,5.2072,,
OR,63,143,,,
OR,63,148,,,
CP,64,138,5.4428,0.105736018,1
CP,64,121,5.725,0.08958952,1
CP,64,110,4.8248,0.223408224,2
CP,64,125,,,
OR,64,136,4.9626,0.117035425,1
OR,64,153,4.8705,0.113910276,1
OR,64,135,4.9521,0.112941984,1
OR,64,116,4.2076,0.132141839,1
OR,64,135,4.117,0.150910857,1
OR,64,145,4.4768,0.100026805,1
OR,64,136,4.981,,1
OR,64,146,4.9266,0.144399789,1
OR,64,139,5.2688,0.110613422,1
OR,64,93,5.347,0.124798953,1
OR,64,154,4.5664,0.107721619,1
OR,64,135,5.8513,0.098525114,1
OR,64,135,5.203,0.115798578,1
OR,64,132,5.6675,0.111160124,1
OR,64,138,5.43,,1
OR,64,143,6.4045,0.098946054,1
OR,64,121,5.2754,0.097698753,1
OR,64,150,5.0695,0.219725811,2
OR,64,146,4.8664,0.220224396,2
OR,64,148,5.0713,0.208270069,2
OR,64,141,4.4102,0.253231146,2
OR,64,115,4.7753,0.236320231,2
OR,64,101,4.102,0.243271575,2
OR,64,123,4.7679,0.219908136,2
OR,64,138,5.2488,0.238721232,2
OR,64,148,4.3469,0.233637765,2
OR,64,132,4.5461,0.275884824,2
OR,64,118,4.2958,0.262931235,2
OR,64,124,5.5302,0.1749123,2
OR,64,147,4.5142,0.235767135,2
OR,64,133,4.4838,0.196373612,2
OR,64,91,5.1208,0.242657397,2
OR,64,143,5.1999,0.206850132,2
OR,64,129,4.5671,0.231525476,2
OR,64,110,5.0479,0.214960677,2
OR,64,147,4.317,0.26340051,2
OR,64,102,4.8734,0.240571264,2
OR,64,137,3.9478,0.30637317,2
OR,64,124,4.3314,0.250265503,2
OR,64,138,5.5115,0.215150141,2
OR,64,129,4.58,0.225676856,2
OR,64,131,4.4564,0.234045418,2
OR,64,118,4.9422,0.231657966,2
OR,64,106,5.0818,0.204100909,2
OR,64,140,5.0448,0.215826197,2
OR,64,147,5.4699,0.19534178,2
OR,64,114,4.7958,0.235414321,2
OR,64,120,4.173,0.286652289,2
OR,64,135,4.7135,0.271220961,2
OR,64,145,4.5854,0.248833253,2
OR,64,140,5.4192,0.239075878,2
OR,64,137,4.7145,0.257439813,2
OR,64,111,4.6418,0.234951958,2
OR,64,110,5.0102,0.204642529,2
OR,64,138,4.967,0.218924904,2
OR,64,137,3.9807,0.281960459,2
OR,64,97,4.0029,0.272727273,2
OR,64,124,5.1452,0.238416388,2
OR,64,120,4.3743,0.255812359,2
OR,64,114,4.519,0.262912149,2
OR,64,140,4.6083,0.223748454,2
OR,64,121,5.0903,0.211716402,2
OR,64,135,5.4615,0.191540785,2
OR,64,126,4.9428,0.272092741,2
OR,64,134,4.9262,0.222118469,2
OR,64,120,5.0758,0.169628433,2
OR,64,124,3.891,0.259547674,2
OR,64,114,4.7779,0.218610687,2
OR,64,130,5.4174,,2
OR,64,123,4.8631,0.215459275,2
OR,64,147,4.7219,0.21986912,2
OR,64,117,4.469,0.250839114,2
OR,64,110,5.988,0.18500334,2
OR,64,150,4.7091,0.272132679,2
OR,64,143,5.486,0.161520233,2
OR,64,140,5.3712,0.221663688,2
OR,64,145,4.5877,0.265557905,2
OR,64,146,4.8165,0.226575314,2
OR,64,142,4.375,0.22352,2
OR,64,138,6.1428,0.173389985,2
OR,64,128,5.2679,0.190170656,2
OR,64,108,6.0967,0.151212951,2
OR,64,127,5.5532,0.192483613,2
OR,64,117,5.5155,0.1789321,2
OR,64,134,5.5098,0.175124324,2
OR,64,137,5.118,0.22866354,2
OR,64,124,5.32,0.233308271,2
OR,64,116,5.0931,0.232255404,2
OR,64,112,5.062,0.230225207,2
OR,64,153,5.3272,0.205586424,2
OR,64,148,6.3934,0.168673945,2
OR,64,109,5.574,0.199874417,2
OR,64,120,5.7502,0.205558068,2
OR,64,119,4.618,0.230337809,2
OR,64,138,5.0984,0.200984623,2
OR,64,105,5.5402,0.205588246,2
OR,64,143,5.0606,0.224597874,3
OR,64,139,4.1191,0.355466,3
OR,64,143,4.1739,0.345911498,3
OR,64,136,4.3757,0.339374272,3
OR,64,120,4.25,0.416258824,3
OR,64,111,4.106,0.323209937,3
OR,64,118,3.92,0.379515306,3
OR,64,123,4.5432,0.350743969,3
OR,64,127,4.6565,0.393600344,3
OR,64,135,4.7878,0.344396174,3
OR,64,122,4.1966,0.370514226,3
OR,64,121,4.9514,0.294886295,3
OR,64,134,5.6178,0.258054755,3
OR,64,131,4.8862,0.303712496,3
OR,64,120,5.7445,0.28045957,3
OR,64,134,5.1164,0.306973653,3
OR,64,126,4.7503,0.339515399,3
OR,64,132,4.8528,0.298940818,3
OR,64,143,4.8051,0.275831929,3
OR,64,120,5.0586,0.256928795,3
OR,64,105,4.9833,0.277647342,3
OR,64,132,5.219,0.261735965,3
OR,64,115,5.03525,0.271783923,3
OR,64,125,4.193,0.407822561,3
OR,64,146,4.51,0.341906874,3
OR,64,122,4.91,0.315641548,3
OR,64,110,5.0713,0.327628024,3
OR,64,148,5.1608,0.318322741,3
OR,64,129,5.0896,0.326489312,3
OR,64,130,5.3055,0.263311658,3
OR,64,137,5.28,0.312064394,3
OR,64,138,5.4136,0.275362051,3
OR,64,127,5.9303,0.245046625,3
OR,64,110,5.4746,0.286413619,3
OR,64,120,6.0724,0.268460576,3
OR,64,145,4.3262,0.413827377,4
OR,64,126,5.3639,0.372993531,4
OR,64,126,,,
OR,64,133,4.635,,
OR,64,129,,,
OR,64,99,6.3765,,
OR,64,111,6.0209,,
OR,64,78,5.2501,,
OR,64,133,7.029,,
CP,65,146,5.1126,0.193932637,2
CP,65,137,4.6052,0.238339269,2
CP,65,142,5.934,,2
CP,65,150,5.8741,0.121210058,2
CP,65,148,6.0296,0.186247844,2
OR,65,114,4.3881,0.135753515,1
OR,65,110,5.9388,0.12872971,1
OR,65,140,6.0305,0.086593151,1
OR,65,140,5.3385,0.103137585,1
OR,65,141,4.4851,0.110120176,1
OR,65,124,5.8393,0.099429726,1
OR,65,139,6.3269,0.087799712,1
OR,65,138,5.9602,0.093973357,1
OR,65,115,,,1
OR,65,116,4.4313,0.227382484,2
OR,65,114,5.6346,0.196375963,2
OR,65,90,5.029,0.190693975,2
OR,65,123,4.5481,0.211341,2
OR,65,139,4.8054,0.229117243,2
OR,65,122,5.1162,0.185098315,2
OR,65,146,5.0799,0.209236402,2
OR,65,148,,,2
OR,65,151,4.9077,0.236893046,2
OR,65,104,4.8227,0.227880648,2
OR,65,90,5.463,0.220043932,2
OR,65,108,3.919,0.314723144,2
OR,65,145,4.1028,0.265842839,2
OR,65,120,4.53,0.220264901,2
OR,65,116,4.588,0.261508282,2
OR,65,153,5.2369,0.195019955,2
OR,65,121,5.5889,0.223782855,2
OR,65,140,5.082,0.195533255,2
OR,65,127,4.4107,0.206384474,2
OR,65,115,4.506,0.270883267,2
OR,65,118,4.3048,0.242566437,2
OR,65,151,4.9199,0.188215208,2
OR,65,140,4.5387,0.260184634,2
OR,65,106,4.3899,0.237681952,2
OR,65,114,4.224,0.310416667,2
OR,65,148,3.7799,0.307256806,2
OR,65,137,4.266,0.259563994,2
OR,65,143,4.253,0.218434047,2
OR,65,114,5.1238,0.227175143,2
OR,65,139,5.4998,0.182424815,2
OR,65,117,5.1999,0.191715225,2
OR,65,142,5.1138,0.204114357,2
OR,65,143,4.8462,0.227023235,2
OR,65,89,4.3011,0.267652461,2
OR,65,111,4.8215,0.236917972,2
OR,65,135,,,2
OR,65,148,5.0173,0.212704044,2
OR,65,146,5.2128,0.227881369,2
OR,65,115,4.6561,0.220055411,2
OR,65,118,4.2419,0.290930951,2
OR,65,138,4.9359,0.247735975,2
OR,65,135,4.7075,0.235135422,2
OR,65,154,5.378,0.235124582,2
OR,65,141,4.5,0.267933333,2
OR,65,116,5.835,0.210059983,2
OR,65,130,5.5828,0.180482912,2
OR,65,136,5.4915,0.199508331,2
OR,65,108,5.1564,0.229055155,2
OR,65,133,4.9027,0.209986334,2
OR,65,106,5.2402,0.211976642,2
OR,65,130,5.4482,0.170019456,2
OR,65,134,5.1739,0.22155434,2
OR,65,117,4.9072,0.223365667,2
OR,65,120,5.4858,0.216467972,2
OR,65,115,4.7234,0.198882161,2
OR,65,124,4.924,0.233326564,2
OR,65,125,5.0632,0.231948175,2
OR,65,139,,,2
OR,65,117,5.8358,0.222060386,2
OR,65,78,5.5667,0.220902869,2
OR,65,128,6.682,0.185842562,2
OR,65,124,5.7112,0.236535229,2
OR,65,105,5.347,0.186927249,2
OR,65,143,6.2488,0.175537703,2
OR,65,121,5.5646,0.202727959,2
OR,65,119,5.1525,0.219485687,2
OR,65,149,5.116,0.112548866,2
OR,65,150,5.383,0.225134683,2
OR,65,100,5.549,0.1897459,2
OR,65,114,5.02,0.202948207,2
OR,65,119,4.4419,0.252301943,2
OR,65,140,6.203,0.183749798,2
OR,65,132,5.8165,0.189942405,2
OR,65,140,5.852,0.218814081,2
OR,65,154,5.8836,0.197804066,2
OR,65,112,4.4546,0.249427558,2
OR,65,128,5.2538,0.224637405,2
OR,65,126,7.2828,0.145479761,2
OR,65,137,6.0178,0.201518827,2
OR,65,115,5.5763,0.201388017,2
OR,65,115,4.6463,0.24131029,2
OR,65,121,5.7156,0.208866961,2
OR,65,115,6.0114,0.171218019,2
OR,65,144,5.9175,0.183557245,2
OR,65,121,5.5476,0.192623837,2
OR,65,149,6.0906,0.180228549,2
OR,65,154,6.8841,0.122020308,2
OR,65,128,4.9482,,2
OR,65,122,4.588,0.343722755,3
OR,65,129,5.5569,0.249707571,3
OR,65,151,5.3068,0.269880154,3
OR,65,149,4.3608,0.380893414,3
OR,65,96,4.5617,0.329131683,3
OR,65,141,4.6908,0.367570564,3
OR,65,112,4.286,0.298810079,3
OR,65,146,4.5032,0.377753597,3
OR,65,122,4.5201,0.325457401,3
OR,65,140,4.3218,0.36639826,3
OR,65,131,4.5589,0.377174318,3
OR,65,115,4.6408,0.374719876,3
OR,65,125,4.1688,0.349237191,3
OR,65,130,4.1467,0.374514674,3
OR,65,118,3.9688,0.448851038,3
OR,65,144,5.379,0.289496189,3
OR,65,142,5.053,0.324836731,3
OR,65,115,4.5514,0.383244716,3
OR,65,143,4.0808,0.410238189,3
OR,65,132,5.2175,0.303382846,3
OR,65,112,4.757,0.273491696,3
OR,65,118,4.9256,0.358900439,3
OR,65,145,5.1667,0.262991852,3
OR,65,140,4.3647,0.366416936,3
OR,65,127,4.76,0.320210084,3
OR,65,108,4.8921,0.286584493,3
OR,65,120,5.8556,0.262944873,3
OR,65,87,5.7922,0.27369566,3
OR,65,139,5.697,0.288239424,3
OR,65,126,5.1915,0.2935953,3
OR,65,111,4.995,0.301121121,3
OR,65,122,5.6285,0.26630541,3
OR,65,106,5.3843,0.276191891,3
OR,65,123,5.8516,0.262150523,3
OR,65,155,5.0724,0.285841022,3
OR,65,118,5.3292,0.326690685,3
OR,65,141,5.1224,0.331817117,3
OR,65,121,4.796,0.315325271,3
OR,65,142,3.5948,0.278652498,3
OR,65,102,,,3
OR,65,108,4.832,0.339962748,3
OR,65,132,5.3329,0.309137617,3
OR,65,146,6.4069,0.273283491,3
OR,65,139,5.9364,0.249241965,3
OR,65,123,5.477,0.282088735,3
OR,65,116,4.8701,0.329931624,3
OR,65,140,5.621,0.269738481,3
OR,65,132,4.8877,0.300632199,3
OR,65,119,5.7926,0.280720229,3
OR,65,143,4.95,0.303494949,3
OR,65,127,5.3184,0.304696901,3
OR,65,79,5.163,0.358221964,3
OR,65,112,5.4065,0.273652085,3
OR,65,132,5.1223,0.291041134,3
OR,65,134,4.8793,0.304551882,3
OR,65,131,5.1336,0.238994078,3
OR,65,111,5.229,0.30162555,3
OR,65,126,5.9366,0.267779537,3
OR,65,117,6.1188,0.262616853,3
OR,65,146,5.73,0.238045375,3
OR,65,126,4.3277,0.458904268,4
OR,65,138,4.8336,0.446996028,4
OR,65,144,5.94,0.345016835,4
OR,65,132,5.1082,0.375161505,4
OR,65,121,5.8316,0.385571713,4
OR,65,107,4.8736,0.413944517,4
OR,65,118,5.2889,0.444288983,4
OR,65,137,4.7337,0.421678602,4
OR,65,135,,,
OR,65,138,,,
OR,65,107,5.2569,,
OR,65,102,7.2795,,
OR,65,145,4.7098,,
OR,65.5,142,4.8999,0.219045287,2
OR,65.5,110,6.2063,0.252727068,3
CP,66,148,6.476,0.094193947,1
CP,66,147,4.5011,0.226988958,2
CP,66,74,4.334,0.221642824,2
CP,66,123,5.0548,0.204993274,2
CP,66,126,6.013,0.16692167,2
CP,66,152,5.3069,0.30432079,3
CP,66,103,,,
OR,66,80,4.0008,0.139447111,1
OR,66,152,4.7131,0.127177442,1
OR,66,120,4.8058,0.122539432,1
OR,66,154,4.6091,0.105139832,1
OR,66,114,5.435,0.106402944,1
OR,66,124,5.6854,0.10426707,1
OR,66,160,6.5591,0.097101737,1
OR,66,139,5.253,0.100837617,1
OR,66,147,5.8,0.093224138,1
OR,66,138,5.817,0.10416022,1
OR,66,134,5.124,0.110245902,1
OR,66,148,4.9905,0.156898106,1
OR,66,143,6.8852,0.088653924,1
OR,66,147,6.1431,0.099510019,1
OR,66,111,4.3125,0.230771014,2
OR,66,139,5.7572,0.191134579,2
OR,66,152,4.3893,0.25038161,2
OR,66,138,5.3453,0.202046658,2
OR,66,143,4.757,0.221736388,2
OR,66,126,5.108,0.220810493,2
OR,66,154,6.2258,0.180988789,2
OR,66,115,4.5333,0.206295635,2
OR,66,121,3.7053,0.304860605,2
OR,66,142,4.8,0.225104167,2
OR,66,152,4.06,0.278029557,2
OR,66,126,4.8,0.2196875,2
OR,66,138,4.2068,0.267852049,2
OR,66,136,4.55,0.265868132,2
OR,66,124,4.3086,0.235296848,2
OR,66,144,4.6946,0.191688323,2
OR,66,123,4.7569,0.23338729,2
OR,66,136,5.3413,0.225413289,2
OR,66,134,4.86,0.212469136,2
OR,66,139,5.3789,0.200449906,2
OR,66,120,4.7769,0.226925412,2
OR,66,128,6.0618,0.169108186,2
OR,66,137,5.7278,0.200984671,2
OR,66,131,5.52,0.201268116,2
OR,66,146,5.8862,0.201148449,2
OR,66,144,5.175,0.188173913,2
OR,66,81,5.5698,0.202538691,2
OR,66,141,5.8267,0.146498018,2
OR,66,129,5.8052,0.21528974,2
OR,66,129,4.5895,0.21882558,2
OR,66,128,4.823,0.261600663,2
OR,66,154,5.0448,0.239414843,2
OR,66,138,5.692,0.187280394,2
OR,66,106,4.7309,0.247394787,2
OR,66,135,5.4881,0.222864015,2
OR,66,139,5.6351,0.177796312,2
OR,66,118,5.6832,0.182784347,2
OR,66,109,5.0203,0.194828994,2
OR,66,122,6.226,0.157452618,2
OR,66,122,4.8561,0.217684974,2
OR,66,118,5.53,0.227884268,2
OR,66,128,5.061,0.217051966,2
OR,66,141,5.1481,0.208717779,2
OR,66,99,4.5371,0.255317273,2
OR,66,131,5.91,0.232402707,2
OR,66,137,5.4491,0.199592593,2
OR,66,147,5.9593,0.212172571,2
OR,66,140,6.264,0.212164751,2
OR,66,115,5.4014,0.197615433,2
OR,66,128,5.5963,0.182495577,2
OR,66,135,6.0649,0.199360253,2
OR,66,105,6.2176,0.147822311,2
OR,66,120,6.1087,0.173179236,2
OR,66,151,5.4674,0.302483813,3
OR,66,145,5.4381,0.300251926,3
OR,66,143,4.8077,0.341265054,3
OR,66,150,5.0555,0.245277421,3
OR,66,154,5.6726,0.28861545,3
OR,66,128,4.3688,0.329358176,3
OR,66,154,4.3853,0.357398582,3
OR,66,149,4.7068,0.367234639,3
OR,66,154,4.4313,0.355990341,3
OR,66,147,4.4308,0.391532003,3
OR,66,138,4.79,0.363277662,3
OR,66,143,5.21,0.298771593,3
OR,66,137,5.1678,0.300069662,3
OR,66,120,4.63,0.287019438,3
OR,66,145,5.3168,0.249793109,3
OR,66,126,4.7433,0.369089031,3
OR,66,132,4.6886,0.350125837,3
OR,66,113,4.608,0.340581597,3
OR,66,140,5.0084,0.330744349,3
OR,66,107,4.4951,0.350959934,3
OR,66,142,5.0162,0.318368486,3
OR,66,122,4.9603,0.300485858,3
OR,66,138,4.6398,0.338678391,3
OR,66,140,4.6213,0.38463203,3
OR,66,121,5.02,0.372390438,3
OR,66,138,4.3714,0.388250904,3
OR,66,143,5.3499,0.35905344,3
OR,66,144,5.43,0.318839779,3
OR,66,123,,,3
OR,66,115,4.8495,0.317352304,3
OR,66,139,4.3469,0.355724769,3
OR,66,137,5.6646,0.299932917,3
OR,66,144,5.1564,0.307695291,3
OR,66,149,6.1818,0.315458281,3
OR,66,117,5.52,0.319148551,3
OR,66,132,5.6206,0.293847632,3
OR,66,121,4.8292,0.278576162,3
OR,66,136,5.25,0.282971429,3
OR,66,144,6.3512,0.243827938,3
OR,66,120,5.0175,0.352904833,3
OR,66,135,6.2882,0.213479215,3
OR,66,135,5.4315,0.282205652,3
OR,66,140,4.8386,0.363596908,3
OR,66,120,5.5236,0.311264393,3
OR,66,116,5.3508,0.307729685,3
OR,66,153,4.6433,0.37447505,3
OR,66,114,5.933,0.279521321,3
OR,66,142,5.9616,0.237889157,3
OR,66,128,5.775,0.30817316,3
OR,66,134,5.53,0.286003617,3
OR,66,126,6,0.306016667,3
OR,66,121,5.1143,0.338814696,3
OR,66,105,6.1688,0.246838931,3
OR,66,100,4.1926,0.31925297,3
OR,66,135,5.9439,0.287117886,3
OR,66,126,5.8273,0.280249858,3
OR,66,132,5.329,0.249540251,3
OR,66,148,6.0564,0.242619378,3
OR,66,131,6.0003,0.279169375,3
OR,66,124,5.2678,0.289361783,3
OR,66,147,5.2619,0.382751478,4
OR,66,136,4.8869,0.491743232,4
OR,66,144,5.0901,0.38401996,4
OR,66,152,4.3779,0.460654652,4
OR,66,126,5.4343,0.338387649,4
OR,66,145,5.426,0.383376336,4
OR,66,121,5.3131,0.305885453,4
OR,66,140,5.922,0.345406957,4
OR,66,149,5.2634,0.45107725,4
OR,66,147,5.0011,0.385775129,4
OR,66,152,5.551,0.398216538,4
OR,66,148,5.61,0.367397504,4
OR,66,148,6.2542,0.310127594,4
OR,66,143,5.8945,0.337043006,4
OR,66,142,6.564,,
OR,66,119,,,
OR,66,127,,,
OR,66,138,4.84,,
CP,66.5,145,5.076,0.191804571,2
OR,66.5,146,6.2805,0.185224106,2
CP,67,137,5.3647,0.130557161,1
CP,67,157,6.3126,0.230475557,2
CP,67,124,5.5748,0.213245318,2
CP,67,155,5.8528,0.192677009,2
CP,67,157,5.5083,0.204945264,2
CP,67,153,4.9865,0.18684448,2
CP,67,150,5.9414,0.156562426,2
CP,67,95,5.8438,0.243728396,3
CP,67,152,5.3611,0.273246162,3
CP,67,150,5.83,0.28161235,3
CP,67,137,5.7378,0.24173028,3
CP,67,123,,,4
CP,67,152,,,
OR,67,93,5.4242,0.101821467,1
OR,67,132,4.7949,0.131389601,1
OR,67,134,5.6947,0.105378685,1
OR,67,134,6.0322,0.087961274,1
OR,67,141,5.7356,0.092370458,1
OR,67,132,6.8914,0.084133848,1
OR,67,108,6.0162,,1
OR,67,122,6.5253,,1
OR,67,87,3.9177,0.124664982,1
OR,67,126,6.2291,0.094363552,1
OR,67,137,6.2752,0.165620219,2
OR,67,142,5.123,0.218387663,2
OR,67,126,5.58,0.236290323,2
OR,67,135,5.6048,0.210908507,2
OR,67,151,5.2118,0.242641698,2
OR,67,122,4.0587,0.290191441,2
OR,67,135,3.6852,0.325735374,2
OR,67,150,4.8788,0.238747233,2
OR,67,152,5.0277,0.21512819,2
OR,67,124,5.1,0.198176471,2
OR,67,135,5.1545,0.205354545,2
OR,67,118,5.5987,0.205422687,2
OR,67,110,5.772,0.166805267,2
OR,67,127,5.5548,0.188935695,2
OR,67,103,5.5403,0.192594264,2
OR,67,114,4.6869,0.267020845,2
OR,67,124,5.8416,0.190598466,2
OR,67,138,4.6342,0.252470761,2
OR,67,131,5.745,0.213489991,2
OR,67,133,5.2636,0.22988069,2
OR,67,118,4.6337,0.271316658,2
OR,67,122,5.2738,0.248473586,2
OR,67,138,5.5969,0.227965481,2
OR,67,140,5.6458,0.231534946,2
OR,67,127,6.9161,0.15677911,2
OR,67,135,5.6838,0.177011858,2
OR,67,140,5.835,0.189323051,2
OR,67,143,5.1536,0.212511642,2
OR,67,125,3.748,0.266462113,2
OR,67,142,6.15,0.179658537,2
OR,67,116,6.2191,0.223971314,2
OR,67,129,6.2999,0.193177669,2
OR,67,147,6.5659,0.185701884,2
OR,67,138,4.5111,,2
OR,67,142,7.1203,0.149600438,2
OR,67,145,6.6872,0.166183156,2
OR,67,140,5.9735,0.234418683,2
OR,67,145,5.7258,0.184987251,2
OR,67,158,6.2281,0.17474029,2
OR,67,113,5.141,0.247870064,2
OR,67,132,5.9915,0.208678962,2
OR,67,100,5.798,0.187443946,2
OR,67,,5.3942,0.27373846,3
OR,67,146,6.0141,0.247551587,3
OR,67,142,5.27,0.335313093,3
OR,67,127,4.9098,0.324208725,3
OR,67,144,5.1838,0.286006405,3
OR,67,140,5.003,0.28986608,3
OR,67,144,5.7393,0.280347778,3
OR,67,156,4.4555,0.365817529,3
OR,67,127,4.846,0.346553859,3
OR,67,138,4.367,0.336088848,3
OR,67,158,5.518,0.319282349,3
OR,67,160,4.932,0.333049473,3
OR,67,156,5.8086,0.279103398,3
OR,67,128,4.36,0.354541284,3
OR,67,128,4.6625,0.324182306,3
OR,67,136,5.0111,0.367404362,3
OR,67,110,5.4999,0.282332406,3
OR,67,144,5.4376,0.349051052,3
OR,67,129,4.674,0.299893025,3
OR,67,120,4.6035,0.378320843,3
OR,67,121,5.13,0.315906433,3
OR,67,126,4.264,0.381777674,3
OR,67,114,4.5425,0.358238855,3
OR,67,130,5.2177,0.342526401,3
OR,67,143,4.5367,0.312561994,3
OR,67,120,4.9263,0.343767127,3
OR,67,138,5.7603,0.325278197,3
OR,67,126,5.5181,0.274587267,3
OR,67,127,5.127,0.285937195,3
OR,67,147,5.8975,0.255803306,3
OR,67,148,5.2219,0.290526437,3
OR,67,119,5.1552,0.332867784,3
OR,67,105,5.108,0.301644479,3
OR,67,147,5.3683,0.293388969,3
OR,67,112,6.3385,0.252110121,3
OR,67,141,6.8429,0.230136346,3
OR,67,117,6.0917,0.262143572,3
OR,67,136,5.2715,0.239817889,3
OR,67,140,6.1903,0.301455503,3
OR,67,112,6.0721,0.271816999,3
OR,67,115,5.3754,0.354262008,3
OR,67,142,5.4524,0.275988555,3
OR,67,143,6.092,0.298867367,3
OR,67,132,6.27,0.25492823,3
OR,67,142,5.3084,0.279048301,3
OR,67,134,5.4193,0.328843209,3
OR,67,140,5.8962,0.293918117,3
OR,67,114,5.9402,0.283458469,3
OR,67,117,6.0295,0.280388092,3
OR,67,115,5.9154,0.289312642,3
OR,67,140,5.8258,0.305245632,3
OR,67,122,5.39,0.319332096,3
OR,67,140,6.19,0.23085622,3
OR,67,136,6.0911,0.283200079,3
OR,67,127,5.2081,0.328161902,3
OR,67,147,6.4515,0.265519647,3
OR,67,140,6.84,0.235833333,3
OR,67,148,6.2471,0.257143314,3
OR,67,140,6.7077,0.261669425,3
OR,67,110,6.2496,0.251152074,3
OR,67,122,5.7879,0.332987785,3
OR,67,150,3.9029,0.413769249,4
OR,67,132,5.0521,0.396112508,4
OR,67,144,5.4631,0.373560799,4
OR,67,148,3.8352,0.514054026,4
OR,67,153,5.1629,0.425749095,4
OR,67,102,6.3102,0.307882476,4
OR,67,137,5.9737,0.322463465,4
OR,67,122,5.6501,0.342613405,4
OR,67,153,5.7687,,
OR,67,116,7.0299,,
CP,68,126,6.0063,0.103075104,1
CP,68,97,4.9896,0.123356582,1
CP,68,153,4.4698,0.255716139,2
CP,68,130,5.549,0.216165075,2
CP,68,159,5.1374,0.173161521,2
CP,68,146,6.1268,0.163788601,2
CP,68,151,6.1379,0.175825608,2
CP,68,153,6.1152,0.212928441,2
CP,68,139,5.5331,0.177188195,2
CP,68,148,6.7975,0.167767562,2
CP,68,154,5.0736,0.225875118,2
CP,68,142,5.2303,0.234097471,2
CP,68,155,6.1992,0.180603949,2
CP,68,160,5.728,0.300087291,3
CP,68,153,5.6824,0.307106152,3
CP,68,157,5.9735,0.313049301,3
CP,68,148,5.67,0.278677249,3
CP,68,150,5.9116,0.279467488,3
CP,68,152,6.0323,0.277406628,3
CP,68,121,5.6985,0.262525226,3
CP,68,139,6.1689,0.242020457,3
CP,68,153,7.0198,0.244408673,3
CP,68,142,6.4919,0.233152082,3
CP,68,151,6.5992,0.231391684,3
CP,68,138,6.3905,0.250637665,3
CP,68,144,9.1613,0.275179287,4
CP,68,148,,,
OR,68,143,5.8,0.080431034,1
OR,68,129,5.23,0.119694073,1
OR,68,124,4.712,0.083191851,1
OR,68,137,5.9447,0.090954968,1
OR,68,128,,,1
OR,68,144,6.6639,0.09296358,1
OR,68,130,6.4255,0.13813711,2
OR,68,121,5.4538,0.203527815,2
OR,68,152,5.2423,0.177040612,2
OR,68,136,4.3206,0.247141601,2
OR,68,128,4.3423,0.223568155,2
OR,68,146,4.2358,0.285731149,2
OR,68,121,5.0801,0.226393181,2
OR,68,159,4.9368,0.244551126,2
OR,68,108,5.0828,0.202585189,2
OR,68,151,5.1,0.231176471,2
OR,68,155,5.8115,0.205093349,2
OR,68,139,6.085,0.193426459,2
OR,68,111,6.1916,0.184120421,2
OR,68,115,5.6236,0.209367665,2
OR,68,120,5.8971,0.167539977,2
OR,68,117,5.3069,0.210970623,2
OR,68,114,5.8216,0.208997526,2
OR,68,152,6.1264,0.205144946,2
OR,68,127,4.88,0.262622951,2
OR,68,120,5.5835,0.18350497,2
OR,68,132,6.1968,0.177704622,2
OR,68,126,6.0537,0.165749872,2
OR,68,152,5.1141,0.224438318,2
OR,68,135,6.6373,0.235065463,2
OR,68,123,5.7782,0.206240698,2
OR,68,131,6.5057,0.176537498,2
OR,68,133,5.2902,0.312313334,3
OR,68,159,5.992,0.268841789,3
OR,68,149,4.2522,0.368279949,3
OR,68,132,5.2169,0.290133988,3
OR,68,150,5.6154,0.255636286,3
OR,68,141,5.8214,0.260521524,3
OR,68,139,4.853,0.333072326,3
OR,68,142,4.5888,0.366304916,3
OR,68,82,4.3068,0.439467818,3
OR,68,110,4.4562,0.374691441,3
OR,68,162,3.6399,0.429544768,3
OR,68,137,4.4148,0.371477757,3
OR,68,158,4.7438,0.328723808,3
OR,68,140,4.6072,0.359328877,3
OR,68,147,4.64,0.357262931,3
OR,68,152,5.6552,0.307875937,3
OR,68,100,5.3458,0.299468742,3
OR,68,142,5.2328,0.291297202,3
OR,68,142,5.85,0.277948718,3
OR,68,160,4.9257,0.302109345,3
OR,68,118,5.1938,0.309734684,3
OR,68,133,4.9877,0.321350522,3
OR,68,139,4.8888,0.348122239,3
OR,68,128,5.5703,0.286735005,3
OR,68,132,5.1612,0.340037201,3
OR,68,144,5.4574,0.347289918,3
OR,68,156,6.6763,0.284154397,3
OR,68,119,5.3885,0.280374872,3
OR,68,141,5.2606,0.353875984,3
OR,68,127,5.5032,0.282453845,3
OR,68,100,4.72,0.317097458,3
OR,68,148,6.2519,0.235288472,3
OR,68,134,5.4971,0.301231558,3
OR,68,154,5.1535,0.271058504,3
OR,68,116,5.0558,0.364353811,3
OR,68,164,5.858,0.280846705,3
OR,68,120,5.0227,0.339697772,3
OR,68,148,6.8819,0.26497043,3
OR,68,127,6.5751,0.241988715,3
OR,68,155,4.8701,0.361984354,3
OR,68,105,5.6542,0.285734498,3
OR,68,133,6.3832,0.294288131,3
OR,68,139,5.8384,0.278706495,3
OR,68,117,5.6864,0.26976646,3
OR,68,147,5.52,0.316485507,3
OR,68,132,5.6323,0.287786517,3
OR,68,122,5.43,0.330699816,3
OR,68,144,5.7242,0.315904406,3
OR,68,145,5.277,0.31288611,3
OR,68,136,5.5216,0.312916546,3
OR,68,139,6.3528,0.258547412,3
OR,68,142,7.4294,0.221659892,3
OR,68,126,6.7312,,3
OR,68,129,7.1406,0.24275271,3
OR,68,132,5.4772,0.272000292,3
OR,68,124,6.7865,0.255993517,3
OR,68,145,5.4247,0.348572271,4
OR,68,140,4.495,0.436418242,4
OR,68,143,5.4378,0.366821141,4
OR,68,140,5.537,0.256619108,4
OR,68,132,4.6061,0.416252361,4
OR,68,148,5.8124,0.365356823,4
OR,68,155,5.2556,0.386616181,4
OR,68,117,5.96,0.46533557,4
OR,68,85,5.0867,0.451255234,4
OR,68,153,6.4684,0.35654876,4
OR,68,146,5.607,0.351364366,4
OR,68,145,6.505,0.308516526,4
OR,68,147,6.3538,0.333878939,4
OR,68,161,6.852,0.276897256,4
OR,68,125,6.0104,0.370474511,4
OR,68,145,5.1884,0.462608897,5
OR,68,142,6.007,0.427467954,5
OR,68,132,,,
OR,68,128,5.8641,,
OR,68,117,8.1075,,
OR,68,143,7.0899,,
OR,68,136,7.1079,,
CP,69,125,,,1
CP,69,160,5.6718,0.102083994,1
CP,69,152,7.2425,0.095975147,1
CP,69,149,5.5691,0.179508359,2
CP,69,156,5.2428,0.20576791,2
CP,69,153,5.2316,0.214580625,2
CP,69,79,4.7899,0.228251112,2
CP,69,100,5.7299,0.215536048,2
CP,69,151,6.365,0.176119403,2
CP,69,142,6.511,0.204976194,2
CP,69,153,6.157,0.186015917,2
CP,69,138,6.1605,0.192257122,2
CP,69,149,5.7816,0.212882247,2
CP,69,154,5.0923,0.186222336,2
CP,69,148,6.3288,0.189087979,2
CP,69,108,6.2273,0.252244151,3
CP,69,159,6.0955,0.268279879,3
CP,69,162,7.1828,0.261652837,3
CP,69,144,4.4036,0.339767463,3
CP,69,155,6.4745,0.285813576,3
CP,69,141,5.2417,0.278039567,3
CP,69,101,6.6606,0.267903792,3
CP,69,148,6.6176,0.237775024,3
CP,69,144,6.4064,0.310517607,4
CP,69,133,,,
CP,69,124,5.7239,,
CP,69,148,7.0943,,
CP,69,157,,,
OR,69,149,8.0102,0.056066016,1
OR,69,131,4.7173,0.145273779,1
OR,69,119,5.3349,0.108343174,1
OR,69,134,,,1
OR,69,156,5.8065,0.199104452,2
OR,69,158,5.7558,0.176204872,2
OR,69,122,6.18,0.179789644,2
OR,69,151,6.3389,0.168862105,2
OR,69,143,4.9068,0.240441836,2
OR,69,123,5.7,0.216982456,2
OR,69,122,5.9248,0.17065555,2
OR,69,128,6.34,0.153911672,2
OR,69,134,5.9853,0.207842548,2
OR,69,125,6.35,0.188472441,2
OR,69,152,5.9347,0.219387669,2
OR,69,116,7.4765,0.165130743,2
OR,69,138,6.9695,0.155549179,2
OR,69,140,6.0318,0.205626844,3
OR,69,128,5.7872,0.259019906,3
OR,69,162,5.379,0.298456962,3
OR,69,149,4.546,0.412076551,3
OR,69,86,5.3558,0.275906494,3
OR,69,127,5.9792,0.267828472,3
OR,69,124,4.8868,0.323647377,3
OR,69,131,5.2,0.355884615,3
OR,69,142,4.5878,0.349121583,3
OR,69,144,4.7725,0.317632268,3
OR,69,150,6.1924,0.263274336,3
OR,69,149,5.8228,0.300353782,3
OR,69,117,5.0873,0.284984176,3
OR,69,135,5.7718,0.298052601,3
OR,69,137,6.0678,0.309766307,3
OR,69,122,4.9583,0.342395579,3
OR,69,138,5.8797,0.329285508,3
OR,69,106,6.0826,0.304179134,3
OR,69,122,5.307,0.324288675,3
OR,69,142,5.7968,0.274772288,3
OR,69,137,6.4,0.245109375,3
OR,69,141,5.8684,0.284421648,3
OR,69,132,5.1836,0.29894282,3
OR,69,99,5.9061,0.324748988,3
OR,69,127,6.0017,0.251278804,3
OR,69,151,6.3358,0.275182297,3
OR,69,126,5.406,0.298224195,3
OR,69,125,5.8674,0.193220166,3
OR,69,134,6.7563,0.228142622,3
OR,69,126,6.0558,0.275289805,3
OR,69,151,5.7099,0.316310268,3
OR,69,115,6.4601,0.28533614,3
OR,69,135,6.4672,0.258643617,3
OR,69,128,,,3
OR,69,141,7.6508,0.240393161,3
OR,69,153,7.3269,0.24481022,3
OR,69,130,6.2084,0.289994201,4
OR,69,158,5.9816,0.340928848,4
OR,69,126,4.9498,0.4081175,4
OR,69,148,5.3375,0.38424356,4
OR,69,135,4.926,0.419346326,4
OR,69,151,5.5326,0.398908289,4
OR,69,149,5.8977,0.442833647,4
OR,69,150,5.5161,0.407461794,4
OR,69,146,5.244,0.446872616,4
OR,69,129,5.386,0.397604902,4
OR,69,128,5.437,0.384550303,4
OR,69,143,5.6099,0.362038539,4
OR,69,144,6.0217,0.359599449,4
OR,69,135,4.9266,0.445702919,4
OR,69,130,5.6994,0.356160298,4
OR,69,150,7.2269,0.28424359,4
OR,69,153,6.2893,0.321609718,4
OR,69,134,6.8512,0.30218064,4
OR,69,126,5.09,0.414420432,4
OR,69,120,5.569,0.394666906,4
OR,69,136,6.2728,0.314213748,4
OR,69,141,6.6078,0.287130361,4
OR,69,138,5.6782,0.400866472,5
OR,69,144,,,
OR,69,130,7.0564,,
OR,69,117,6.6119,,
OR,69,144,6.93,,
OR,69.5,134,4.8993,0.392260119,3
CP,70,120,6.7355,0.097231089,1
CP,70,149,6.1203,0.104096204,1
CP,70,149,6.9821,0.089886997,1
CP,70,149,6.629,0.086815508,1
CP,70,117,6.4505,0.171397566,2
CP,70,161,5.1573,0.195528668,2
CP,70,152,5.7324,0.208708394,2
CP,70,144,6.7664,0.148705368,2
CP,70,167,6.6859,0.169520932,2
CP,70,153,4.6482,0.247257003,2
CP,70,153,6.2234,0.19336697,2
CP,70,147,5.7168,0.235673804,2
CP,70,121,5.724,0.225331936,2
CP,70,131,6.7845,0.168177463,2
CP,70,,6.373,0.171457712,2
CP,70,154,6.2272,0.18557297,2
CP,70,153,6.0219,0.159949518,2
CP,70,126,5.8345,0.212049019,2
CP,70,166,5.6706,0.185394844,2
CP,70,130,7.223,0.12523882,2
CP,70,163,5.198,0.190457868,2
CP,70,159,5.769,0.166406656,2
CP,70,123,6.9621,0.221255081,2
CP,70,164,5.7582,0.271907888,3
CP,70,151,6.44,0.251801242,3
CP,70,156,6.6064,0.265530395,3
CP,70,160,5.5288,0.27363985,3
CP,70,111,4.9497,0.288300301,3
CP,70,151,5.8887,0.251702413,3
CP,70,154,5.8747,0.26384326,3
CP,70,131,6.3849,0.264389419,3
CP,70,151,5.9473,0.277201419,3
CP,70,158,5.7481,0.316034864,3
CP,70,158,6.0287,0.289150231,3
CP,70,139,6.1872,0.281613654,3
CP,70,142,6.2976,0.279185722,3
CP,70,139,6.5588,0.247438556,3
CP,70,118,5.4278,0.298445042,3
CP,70,143,6.364,0.262350723,3
CP,70,150,6.0872,0.285730714,3
CP,70,142,6.9118,0.236378367,3
CP,70,156,6.6047,0.209260072,3
CP,70,153,7.4331,0.215912607,3
CP,70,133,7.1547,0.250408822,3
CP,70,139,5.8039,0.362153035,4
CP,70,151,6.8324,0.264182425,4
CP,70,137,7.2335,0.285214626,4
CP,70,144,,,
CP,70,118,,,
CP,70,133,5.1999,,
OR,70,140,7.39,0.102625169,1
OR,70,136,6.8852,0.153343403,2
OR,70,140,5.2168,0.234607422,2
OR,70,154,4.4067,0.246488302,2
OR,70,140,5.7983,0.201679803,2
OR,70,143,5.74,0.240191638,2
OR,70,142,6.639,0.192333183,2
OR,70,150,6.0069,0.179926418,2
OR,70,151,6.32,0.163607595,2
OR,70,119,5.8636,0.20226482,2
OR,70,154,6.2594,0.198181934,2
OR,70,132,5.6893,0.283954089,3
OR,70,136,4.773,0.354179761,3
OR,70,150,4.989,0.335558228,3
OR,70,165,5.6748,0.278124339,3
OR,70,124,5.26,0.302091255,3
OR,70,124,5.8809,0.240303355,3
OR,70,124,5.2244,0.298426614,3
OR,70,154,6.2729,0.306540834,3
OR,70,126,6.3027,0.27627842,3
OR,70,128,6.622,0.29666264,3
OR,70,143,6.6882,0.254537843,3
OR,70,120,5.164,0.395565453,3
OR,70,121,5.058,0.303736655,3
OR,70,129,7.0219,0.235007619,3
OR,70,116,4.9466,0.31310395,3
OR,70,120,6.4896,0.27132643,3
OR,70,140,6.5898,0.30252815,3
OR,70,124,6.8093,0.195644193,3
OR,70,154,5.3289,0.371652686,4
OR,70,124,5.897,0.319671019,4
OR,70,150,5.5048,0.435637989,4
OR,70,151,5.7954,0.380543189,4
OR,70,126,5.2025,0.412628544,4
OR,70,123,5.6298,0.416320296,4
OR,70,112,5.4927,0.405392612,4
OR,70,120,6.8407,0.332056661,4
OR,70,145,5.57,0.395475763,4
OR,70,132,6.7,0.352746269,4
OR,70,155,7.2982,0.286659724,4
OR,70,147,6.2234,0.33443134,4
OR,70,144,6.8006,0.290430256,4
OR,70,148,7.312,0.262937637,4
OR,70,150,5.35,0.349719626,4
OR,70,131,7.0131,0.295290243,4
OR,70,131,7.3146,0.271033276,4
OR,70,149,4.678,0.495190252,5
OR,70,151,5.616,,5
OR,70,158,4.5516,0.556419721,6
OR,70,153,7.5308,,
OR,70,153,7.1285,,
OR,70,124,6.9203,,
CP,71,162,7.7654,0.07792258,1
CP,71,156,7.3324,0.078882767,1
CP,71,158,6.9414,0.173149509,2
CP,71,110,6.647,0.1606439,2
CP,71,148,6.4048,0.2235667,2
CP,71,132,5.3428,0.258254099,2
CP,71,165,6.3853,0.216716521,2
CP,71,138,5.644,0.204145996,2
CP,71,145,6.3538,0.203122541,2
CP,71,154,6.5641,0.189500465,2
CP,71,130,5.515,0.226872167,2
CP,71,134,6.1668,0.191298567,2
CP,71,161,5.3356,0.194073769,2
CP,71,158,7.3145,0.179779889,2
CP,71,154,5.5557,0.187951113,2
CP,71,148,5.432,0.208308174,2
CP,71,150,7.2795,0.144446734,2
CP,71,128,6.8913,0.139102927,2
CP,71,157,7.1852,0.174274898,2
CP,71,139,7.5233,,3
CP,71,137,6.6174,0.251503612,3
CP,71,141,6.287,0.293796723,3
CP,71,158,5.2402,0.368840884,3
CP,71,156,5.6068,0.268495398,3
CP,71,159,6.2219,0.289493563,3
CP,71,134,5.07,0.32790927,3
CP,71,162,6.0745,0.286871347,3
CP,71,137,5.802,0.280093071,3
CP,71,164,6.057,0.27480601,3
CP,71,158,6.1091,0.299012948,3
CP,71,144,6.3339,0.273338701,3
CP,71,132,6.6873,0.27194832,3
CP,71,148,6.9692,0.283117144,3
CP,71,152,4.9297,0.351015275,3
CP,71,153,5.9303,0.309900005,3
CP,71,163,5.1734,0.261104883,3
CP,71,148,6.8992,0.222750464,3
CP,71,129,5.7142,0.260928914,3
CP,71,138,6.4083,0.331133062,3
CP,71,133,7.365,0.19053632,3
CP,71,155,7.1245,0.231356586,3
CP,71,150,7.0114,0.16236415,3
CP,71,150,6.5286,0.26305793,3
CP,71,151,6.5233,0.256833198,3
CP,71,148,4.6574,0.450959763,4
CP,71,155,7.4875,0.29824374,4
CP,71,132,6.036,0.31731279,4
CP,71,122,6.567,0.351149688,4
CP,71,158,7.2737,0.259249075,4
CP,71,158,7.9368,0.294085778,4
CP,71,151,,,
CP,71,140,6.3612,,
CP,71,142,,,
OR,71,118,5.7516,0.201004938,2
OR,71,152,5.352,0.298150224,3
OR,71,167,5.1999,0.331910229,3
OR,71,137,5.3599,0.332245005,3
OR,71,127,5.7838,0.291451987,3
OR,71,124,5.7129,0.280102925,3
OR,71,103,5.8949,0.289877691,3
OR,71,127,6.568,0.23906821,3
OR,71,153,7.0142,0.242009067,3
OR,71,127,6.07,0.291433278,3
OR,71,148,8.5625,0.189068613,3
OR,71,134,4.8015,0.420493596,4
OR,71,125,4.7135,0.446292564,4
OR,71,161,5.76,0.36546875,4
OR,71,155,5.7053,0.375317687,4
OR,71,112,5.1895,0.383582233,4
OR,71,143,5.7678,0.405475225,4
OR,71,132,5,0.377,4
OR,71,164,6.092,0.309487853,4
OR,71,143,6.1802,0.385537685,5
CP,72,168,6.6713,0.189378382,2
CP,72,132,6.6039,0.165674829,2
CP,72,145,6.0238,0.197201102,2
CP,72,159,6.162,0.205663746,2
CP,72,112,5.335,0.230290534,2
CP,72,149,5.613,0.216087654,2
CP,72,156,6.0757,0.240630709,2
CP,72,150,6.522,0.200475314,2
CP,72,82,5.753,0.205614462,2
CP,72,148,7.5328,0.14424915,2
CP,72,131,7.4642,0.179255647,2
CP,72,126,7.0318,0.181475582,2
CP,72,150,7.1646,0.177665187,2
CP,72,163,7.0086,0.163584739,2
CP,72,160,7.6729,0.181183125,2
CP,72,122,7.1139,0.151154781,2
CP,72,154,7.3,0.148452055,2
CP,72,144,6.0352,0.192752519,2
CP,72,153,6.982,0.160655973,2
CP,72,142,6.2901,0.239598735,2
CP,72,158,6.0759,0.223259106,2
CP,72,138,6.8904,0.124303379,2
CP,72,156,7.5752,0.165262963,2
CP,72,142,6.692,0.165944411,2
CP,72,162,7.6208,0.144394289,2
CP,72,140,6.3086,0.17790001,2
CP,72,144,7.7506,0.194888138,2
CP,72,134,7.8114,0.135699106,2
CP,72,154,7.2165,0.249844107,3
CP,72,156,6.3752,0.284869494,3
CP,72,136,6.4956,0.274539688,3
CP,72,158,5.2934,0.293743152,3
CP,72,155,5.7138,0.262434807,3
CP,72,130,5.7713,0.306170187,3
CP,72,161,6.1733,0.312928256,3
CP,72,152,6.8032,0.267197789,3
CP,72,128,5.6113,0.313973589,3
CP,72,153,7.2508,0.257599161,3
CP,72,163,6.74,0.264287834,3
CP,72,168,7.0595,0.261109144,3
CP,72,143,7.132,0.255678632,3
CP,72,168,6.539,0.28657287,3
CP,72,148,6.9426,0.268472906,3
CP,72,135,5.7149,0.301930043,3
CP,72,147,5.7139,0.30977091,3
CP,72,155,7.3671,0.21927217,3
CP,72,153,6.3123,0.226114095,3
CP,72,157,6.5032,0.297176775,3
CP,72,164,4.044,0.502497527,3
CP,72,135,6.1802,0.296624705,3
CP,72,104,6.3676,0.244864627,3
CP,72,145,6.225,0.267983936,3
CP,72,109,8.7789,0.200685735,3
CP,72,153,7.0049,0.219389285,3
CP,72,156,5.7976,0.312991583,3
CP,72,149,7.02,0.199586895,3
CP,72,148,6.7356,0.249331908,3
CP,72,161,8.5036,0.198739357,3
CP,72,141,6.7698,0.287630358,3
CP,72,155,6.2795,0.251564615,3
CP,72,171,7.5907,0.232534549,3
CP,72,163,6.1472,0.34609253,4
CP,72,115,6.5616,0.30180139,4
CP,72,165,6.477,0.330909372,4
CP,72,164,5.8979,0.327608132,4
CP,72,157,5.9416,0.388447556,4
CP,72,165,5.8528,0.373923592,4
CP,72,161,6.2036,0.382020117,4
CP,72,162,6.9267,0.311793495,4
CP,72,146,5.933,0.336979606,4
CP,72,149,6.2993,0.332941755,4
CP,72,145,6.3899,0.303025086,4
CP,72,162,6.8994,0.320622083,4
CP,72,139,7.2131,0.288807863,4
CP,72,154,7.9295,0.295125796,4
CP,72,152,6.028,0.402422031,4
CP,72,158,6.4846,0.309733831,4
CP,72,158,5.2907,0.393728618,4
CP,72,160,6.7483,0.315131218,4
CP,72,166,7.4933,0.282532396,4
CP,72,139,7.0985,0.284271325,4
CP,72,164,,,
CP,72,122,,,
OR,72,125,6.128,0.171573107,2
OR,72,151,5.6993,0.215956346,2
OR,72,151,5.75,0.247704348,2
OR,72,160,6.8704,0.232300885,3
OR,72,153,6.748,0.292946058,4
OR,72,150,6.97,0.313443329,4
OR,72,154,6.4598,0.328782109,4
CP,72.5,156,5.9958,0.293572167,3
CP,72.5,168,6.3122,0.337980419,4
OR,72.5,128,6.9,0.301623188,4
CP,73,166,7.8223,0.077982179,1
CP,73,165,6.6676,0.092507049,1
CP,73,136,7.73,0.070711514,1
CP,73,139,6.4552,0.20721279,2
CP,73,78,6.55,0.202977099,2
CP,73,148,6.9145,0.167401837,2
CP,73,154,7.7889,0.153038298,2
CP,73,151,,,2
CP,73,,6.9897,0.175615549,2
CP,73,147,7.1758,0.157808189,2
CP,73,158,7.8512,0.177323212,2
CP,73,127,6.4462,0.200210977,2
CP,73,164,7.7134,0.156429071,2
CP,73,158,6.0392,0.235892171,3
CP,73,165,6.6267,0.268353781,3
CP,73,121,6.9225,0.261263994,3
CP,73,96,7.5554,0.189586256,3
CP,73,163,7.017,0.210132535,3
CP,73,95,6.1665,0.227908862,3
CP,73,134,5.959,0.309011579,3
CP,73,160,5.7204,0.309558772,3
CP,73,152,6.13,0.271500816,3
CP,73,89,6.2351,0.276386906,3
CP,73,158,6.925,0.216866426,3
CP,73,148,6.1878,0.268172856,3
CP,73,142,6.8993,0.277651356,3
CP,73,152,5.1061,0.333189714,3
CP,73,162,6.1532,0.277286615,3
CP,73,,6.5634,0.254395588,3
CP,73,168,6.5388,0.288218022,3
CP,73,115,5.113,0.331097203,3
CP,73,164,5.7269,0.308840734,3
CP,73,156,6.5695,0.295441053,3
CP,73,158,6.2186,0.268163252,3
CP,73,142,6.6205,0.261173627,3
CP,73,156,7.6518,0.216837868,3
CP,73,164,6.6426,0.240688887,3
CP,73,116,6.6013,0.301258843,3
CP,73,164,6.0851,0.324727613,3
CP,73,135,6.5846,0.249840537,3
CP,73,140,6.8635,0.263670139,3
CP,73,156,8.1823,0.212861909,3
CP,73,156,6.5451,0.298788407,3
CP,73,168,7.4256,0.252424047,3
CP,73,161,7.749,0.237049942,3
CP,73,165,6.9753,0.207761673,3
CP,73,151,8.2368,0.199907731,3
CP,73,133,5.5886,0.295422825,3
CP,73,152,7.7495,0.199548358,3
CP,73,146,6.7628,0.213772402,3
CP,73,133,6.9158,0.259767489,3
CP,73,165,7.716,0.247019181,3
CP,73,101,6.1721,0.333516955,4
CP,73,160,8.863,,4
CP,73,165,6.3616,0.355633803,4
CP,73,160,7.2999,0.322305785,4
CP,73,132,5.615,0.437613535,4
CP,73,137,6.3548,0.305532826,4
CP,73,127,6.4199,0.294116731,4
CP,73,164,5.507,0.425077175,4
CP,73,146,6.7899,0.388076408,4
CP,73,143,5.9581,0.359863044,4
CP,73,143,7.1696,0.301313881,4
CP,73,142,6.3141,0.355062479,4
CP,73,152,7.3071,0.281164894,4
CP,73,146,6.7675,0.380923532,4
CP,73,132,6.9235,0.353997256,4
CP,73,155,7.2,0.304194444,4
CP,73,146,7.9317,0.282524553,4
CP,73,142,7.589,0.289063118,4
CP,73,104,5.047,0.474341193,4
CP,73,150,7.3936,0.289966998,4
CP,73,156,6.9186,0.319154164,4
CP,73,151,7.3913,0.345514321,5
CP,73,137,7.0654,0.384875591,5
CP,73,160,7.1618,0.084420118,5
CP,73,139,6.0577,,
OR,73,131,6.3262,0.143119092,2
OR,73,156,5.3926,0.330044876,3
OR,73,152,5.7809,0.308239202,3
OR,73,152,5.1104,0.471841735,4
OR,73,156,6.05,0.379008264,4
OR,73,160,6.619,0.313582112,4
OR,73,154,6.6828,0.33485964,4
OR,73,129,6.4466,0.375407191,5
OR,73,151,5.9501,0.434412867,5
CP,74,153,6.2224,0.104686295,1
CP,74,149,7.4693,0.104708607,1
CP,74,148,8.3332,0.07248116,1
CP,74,165,6.6068,0.206680995,2
CP,74,147,6.7778,0.189191183,2
CP,74,160,5.4215,0.25889514,2
CP,74,163,6.4529,0.217964016,2
CP,74,127,6.381,0.16854725,2
CP,74,151,7.6104,0.152817198,2
CP,74,169,6.3268,0.187013972,2
CP,74,159,7.114,0.193997751,2
CP,74,141,7.7965,0.149567113,2
CP,74,140,7.593,0.201606743,2
CP,74,164,7.6948,0.149360607,2
CP,74,146,5.739,0.217529186,2
CP,74,151,6.5951,0.186714379,2
CP,74,135,6.2973,0.234354406,2
CP,74,167,7.1228,0.141980682,2
CP,74,143,7.781,0.144390181,2
CP,74,162,7.4913,0.203529427,3
CP,74,171,7.6091,0.220617419,3
CP,74,158,7.5997,0.245864968,3
CP,74,134,6.9953,0.242548568,3
CP,74,161,6.1466,0.337796505,3
CP,74,148,5.9756,0.301760493,3
CP,74,161,6.839,0.292030999,3
CP,74,150,6.6333,0.292147197,3
CP,74,137,5.7106,0.333940392,3
CP,74,165,7.5438,0.244147512,3
CP,74,165,6.6488,0.267130911,3
CP,74,,6.1348,0.309969355,3
CP,74,160,7.2495,0.273646458,3
CP,74,109,6.6289,0.25610584,3
CP,74,150,7.4133,0.273063278,3
CP,74,166,6.3333,0.293527861,3
CP,74,146,8.1813,,3
CP,74,140,6.845,0.220204529,3
CP,74,163,6.2798,0.309006656,3
CP,74,155,7.5955,0.25492726,3
CP,74,,6.228,0.288567759,3
CP,74,169,7.325,0.264341297,3
CP,74,175,7.0709,0.283118132,3
CP,74,158,7.6303,0.250265389,3
CP,74,160,6.5588,0.252622431,3
CP,74,162,6.534,0.267232935,3
CP,74,145,7.5138,0.242886422,3
CP,74,136,6.2455,0.294195821,3
CP,74,156,7.265,0.239380592,3
CP,74,160,6.9828,0.22778828,3
CP,74,125,6.3215,0.288206913,3
CP,74,155,6.6863,0.269012757,3
CP,74,153,6.786,0.251061008,3
CP,74,136,7.9067,,3
CP,74,153,6.4517,0.262597455,3
CP,74,98,5.8875,0.236908705,3
CP,74,114,8.6738,0.18992829,3
CP,74,91,7.278,0.252638087,3
CP,74,160,7.243,0.24487091,3
CP,74,162,7.2172,0.247090284,3
CP,74,160,6.7926,0.260091865,3
CP,74,157,8.4007,0.216970014,3
CP,74,162,7.113,0.305848447,4
CP,74,148,7.2484,0.318028806,4
CP,74,169,7.9757,0.279536592,4
CP,74,170,6.3275,0.382362702,4
CP,74,148,6.3547,0.334791572,4
CP,74,131,,,4
CP,74,159,7.648,0.269626046,4
CP,74,127,6.213,0.336504104,4
CP,74,136,4.774,0.485148722,4
CP,74,164,6.014,0.41232125,4
CP,74,143,6.31,0.33473851,4
CP,74,148,6.4368,0.333442083,4
CP,74,155,6.515,0.314320798,4
CP,74,160,5.6,0.404589286,4
CP,74,144,6.38,0.372742947,4
CP,74,168,6.5933,0.345471918,4
CP,74,148,6.6991,0.318430834,4
CP,74,118,5.7684,0.37932529,4
CP,74,140,6.3904,0.343890836,4
CP,74,139,7.9074,0.254129044,4
CP,74,108,6.963,0.355723108,4
CP,74,162,6.5846,0.321173648,4
CP,74,157,7.8812,0.292759986,4
CP,74,156,6.307,0.403060092,4
CP,74,158,7.7592,0.286704815,4
CP,74,165,7.7265,0.256739792,4
CP,74,80,7.2083,0.286641788,4
CP,74,115,6.0435,0.389989245,4
CP,74,171,6.9789,0.350126811,4
CP,74,164,7.8296,0.305405129,4
CP,74,157,7.91,0.296965866,4
CP,74,105,6.6847,0.41226981,5
CP,74,147,6.3735,0.304495175,5
CP,74,107,5.8153,0.421646347,5
CP,74,158,6.4478,0.42394305,5
CP,74,163,,,
CP,74,161,6.8858,,
CP,74,137,,,
CP,74,151,,,
CP,74.5,173,6.9962,0.232754924,3
CP,75,135,7.5614,0.064181236,1
CP,75,149,7.7569,0.083370934,1
CP,75,148,6.4338,0.092729025,1
CP,75,164,,,2
CP,75,143,8.0414,0.123349168,2
CP,75,160,8.1834,0.165762397,2
CP,75,144,7.2117,0.171443626,2
CP,75,148,7.8081,0.152649172,2
CP,75,154,6.3392,0.182672892,2
CP,75,170,,,2
CP,75,117,5.1509,0.192374148,2
CP,75,166,9.369,0.145874693,2
CP,75,162,8.052,0.144287134,2
CP,75,143,7.6819,,3
CP,75,166,6.7437,,3
CP,75,168,6.6621,0.300791042,3
CP,75,138,7.782,0.208609612,3
CP,75,108,7.0438,0.252903262,3
CP,75,132,6.4954,0.261200234,3
CP,75,163,5.6772,0.286849151,3
CP,75,166,6.522,0.278549525,3
CP,75,135,5.8184,0.286762684,3
CP,75,143,6.7653,0.277120009,3
CP,75,130,5.94,0.300942761,3
CP,75,152,8.08,0.237561881,3
CP,75,161,7.24,0.248977901,3
CP,75,120,5.9397,0.353081805,3
CP,75,138,7.7708,0.233772585,3
CP,75,134,6.5248,0.279150319,3
CP,75,150,8.3741,0.226830346,3
CP,75,128,7.2999,0.241962219,3
CP,75,150,7.6643,0.253852276,3
CP,75,166,7.6999,0.251782491,3
CP,75,146,,,3
CP,75,163,8.1427,0.242204674,3
CP,75,161,7.9292,0.268551682,3
CP,75,164,8.23,0.228274605,3
CP,75,156,5.74,0.286829268,3
CP,75,150,7.316,0.232791143,3
CP,75,158,6.9618,0.131354717,3
CP,75,149,6.7456,0.276135555,3
CP,75,145,6.9787,0.238511471,3
CP,75,92,6.7637,0.245575646,3
CP,75,168,8.1207,0.21905747,3
CP,75,160,6.9103,0.261262174,3
CP,75,135,7.1584,0.236323759,3
CP,75,161,6.2613,0.346222031,4
CP,75,162,7.1913,0.314393781,4
CP,75,159,7.6812,0.280841535,4
CP,75,158,8.1103,0.286499883,4
CP,75,150,7.3268,0.311609434,4
CP,75,163,7.1319,0.316507523,4
CP,75,164,7.113,0.308336848,4
CP,75,136,6.0942,0.378523842,4
CP,75,150,5.7298,0.388757025,4
CP,75,155,6.2738,0.339634671,4
CP,75,95,6.7528,0.351202464,4
CP,75,162,6.9252,0.350574713,4
CP,75,142,7.0524,0.340238784,4
CP,75,156,7.8143,0.316394303,4
CP,75,150,6.9239,0.331929982,4
CP,75,139,7.6695,0.315092249,4
CP,75,153,8.2959,0.181342591,4
CP,75,166,6.8579,0.366453287,4
CP,75,124,6.5379,0.377598311,4
CP,75,155,7.1354,0.319127169,4
CP,75,160,6.3265,0.374298585,4
CP,75,160,7.5107,0.330887933,4
CP,75,149,7.4305,0.31225355,4
CP,75,160,6.7367,0.318895008,4
CP,75,170,8.1983,0.303672713,4
CP,75,165,8.101,0.278792742,4
CP,75,92,7.0524,0.260918269,4
CP,75,156,8.444,0.276764567,4
CP,75,154,7.9306,0.241280609,4
CP,75,111,6.3297,0.382956538,4
CP,75,162,7.4369,0.313867337,4
CP,75,97,6.8964,0.336479903,4
CP,75,154,7.0926,0.337971971,4
CP,75,104,8.0877,0.324727673,4
CP,75,120,6.7244,0.304175837,4
CP,75,165,7.882,0.30460543,4
CP,75,140,7.3351,0.279478126,4
CP,75,141,7.9748,0.280847169,4
CP,75,155,8.0839,0.313165675,4
CP,75,168,6.3088,0.418716713,5
CP,75,150,7.4534,0.367295462,5
CP,75,117,7.6748,0.330093292,5
CP,75,158,7.4599,0.334602341,5
CP,75,164,8.4386,,5
CP,75,148,6.5185,0.374932883,5
CP,75,166,7.8595,0.366588205,5
CP,75,158,7.0417,0.405640683,5
CP,75,130,7.0256,0.379725575,5
CP,75,162,6.4651,0.479095451,6
CP,75,146,7.6317,,
CP,75,148,,,
CP,75,149,7.7148,,
CP,75.5,136,7.2454,0.283089961,3
CP,76,154,9.2879,0.054802485,1
CP,76,172,7.1786,0.166466999,2
CP,76,166,7.7342,0.15375863,2
CP,76,168,7.6652,0.151281115,2
CP,76,157,8.112,0.172312623,2
CP,76,135,8.9536,0.137866333,2
CP,76,166,7.676,0.227618551,3
CP,76,158,9.475,0.20069657,3
CP,76,147,8.2506,0.219268902,3
CP,76,164,7.9596,0.235112317,3
CP,76,171,6.5,0.230523077,3
CP,76,169,7.1163,0.240363672,3
CP,76,145,6.58,0.283449848,3
CP,76,186,6.872,0.288242142,3
CP,76,170,6.859,0.252252515,3
CP,76,123,7.0789,0.25485598,3
CP,76,167,7.982,0.208844901,3
CP,76,174,6.136,0.307431551,3
CP,76,142,6.7758,0.24611116,3
CP,76,129,6.792,0.301295642,3
CP,76,124,6.4982,0.291757718,3
CP,76,168,7.2433,0.274971353,3
CP,76,146,8.4709,0.221027282,3
CP,76,150,7.9118,0.202153745,3
CP,76,168,7.0118,0.286288827,3
CP,76,148,7.6919,0.245127992,3
CP,76,142,6.8125,,3
CP,76,130,7.1542,0.071666667,3
CP,76,153,8.0141,0.209692916,3
CP,76,125,7.548,0.23736089,3
CP,76,160,8.4143,0.197972499,3
CP,76,,9.1696,0.154957686,3
CP,76,123,8.0874,0.215087667,3
CP,76,169,7.5153,0.235027211,3
CP,76,155,8.339,0.243074709,4
CP,76,163,5.3192,0.30829824,4
CP,76,171,6.9706,0.31558259,4
CP,76,174,8.2274,0.287818752,4
CP,76,166,8.3008,0.232314958,4
CP,76,142,7.6268,0.311795248,4
CP,76,144,6.894,0.358935306,4
CP,76,168,7.24,0.326588398,4
CP,76,164,7.1788,0.333663008,4
CP,76,173,6.5808,0.363618405,4
CP,76,164,6.5382,0.37025481,4
CP,76,143,8.4768,0.282476878,4
CP,76,165,7.638,0.294579733,4
CP,76,156,6.7347,0.353556951,4
CP,76,144,7.1486,0.318943569,4
CP,76,167,7.603,0.309798764,4
CP,76,168,7.0453,0.372035258,4
CP,76,107,7.9528,0.252112464,4
CP,76,159,8.6033,0.284948799,4
CP,76,150,7.5051,0.346697579,4
CP,76,148,7.7867,0.278988532,4
CP,76,163,7.9824,0.301212668,4
CP,76,143,6.75,0.379096296,4
CP,76,156,,,4
CP,76,165,7.6676,0.286047785,4
CP,76,143,7.5498,0.306935283,4
CP,76,155,8.7985,0.269932375,4
CP,76,163,8.878,0.234681235,4
CP,76,147,7.2551,0.322338769,4
CP,76,129,7.7199,0.32328139,4
CP,76,162,7.9885,0.300356763,4
CP,76,133,7.7969,0.321807385,4
CP,76,161,8.5224,0.27552098,5
CP,76,156,9.0503,0.276046098,5
CP,76,139,6.4112,0.395682556,5
CP,76,137,6.7352,0.381428911,5
CP,76,157,7.8448,0.348141444,5
CP,76,161,8.2545,0.380507602,5
CP,76,131,6.9843,0.360809244,5
CP,76,172,6.3391,0.418450569,5
CP,76,112,7.1237,0.359784943,5
CP,76,150,8.3138,0.370901393,5
CP,76,147,8.53,0.317291911,5
CP,76,152,7.0738,0.374791484,5
CP,76,160,7.5427,,6
CP,76,135,,,
CP,76,152,8.325,,
CP,76.5,168,7.0688,0.327834993,4
CP,77,165,8.469,0.068189869,1
CP,77,145,9.8358,0.114835601,2
CP,77,168,9.5607,0.128954993,2
CP,77,150,,,2
CP,77,171,9.086,0.13261061,2
CP,77,170,7.555,0.158292522,2
CP,77,136,7.7408,0.159880116,2
CP,77,164,7.9169,0.168020311,2
CP,77,165,9.3693,0.121855421,2
CP,77,124,9.8051,0.137826233,2
CP,77,145,7.7519,0.241669784,3
CP,77,169,7.69,0.242314694,3
CP,77,174,6.76,0.308343195,3
CP,77,138,6.6697,0.260671395,3
CP,77,158,6.606,0.289297608,3
CP,77,158,7.57,0.237899604,3
CP,77,166,7.982,0.251277875,3
CP,77,168,7.9938,0.242700593,3
CP,77,154,8.3465,0.223698556,3
CP,77,163,7.158,0.260757195,3
CP,77,148,7.89,0.232724968,3
CP,77,148,5.8159,0.294657749,3
CP,77,132,7.3595,0.26792581,3
CP,77,138,8.252,0.226781386,3
CP,77,155,7.8918,0.230454396,3
CP,77,164,8.0264,0.241540417,3
CP,77,159,7.8793,0.24599901,3
CP,77,141,7.3231,0.271619942,3
CP,77,151,8.0826,0.236953456,3
CP,77,135,7.4723,0.260334837,3
CP,77,131,6.6699,0.279704343,3
CP,77,95,7.0155,0.271213741,3
CP,77,171,8.0485,0.246679505,3
CP,77,161,7.1534,0.260924875,3
CP,77,150,7.4964,0.242049517,3
CP,77,148,8.9152,0.18238514,3
CP,77,138,8.57,0.173512252,3
CP,77,142,8.2879,0.18939659,3
CP,77,156,7.6112,0.226482026,3
CP,77,151,7.7803,0.281197383,4
CP,77,134,8.024,0.294865404,4
CP,77,155,8.2821,0.306407795,4
CP,77,133,8.0136,0.334943097,4
CP,77,145,7.7026,0.338054683,4
CP,77,172,7.9118,0.315768852,4
CP,77,141,5.755,0.420642919,4
CP,77,167,7.1999,0.317212739,4
CP,77,136,6.7998,0.346407247,4
CP,77,163,7.4778,0.354261949,4
CP,77,142,7.1796,0.26800936,4
CP,77,132,7.8457,0.28342914,4
CP,77,157,7.7026,0.324267131,4
CP,77,141,7.8533,0.321100684,4
CP,77,137,7.2953,0.339944896,4
CP,77,142,6.89,0.33850508,4
CP,77,137,7.9019,0.339057695,4
CP,77,154,6.7261,0.382569394,4
CP,77,160,8.3944,0.296376156,4
CP,77,151,7.0699,0.324997525,4
CP,77,140,8.6824,0.264984336,4
CP,77,165,7.8341,0.304795701,4
CP,77,154,7.206,0.317471551,4
CP,77,132,8.4072,0.297554477,4
CP,77,152,7.204,0.307606885,4
CP,77,146,8.184,0.258162268,4
CP,77,121,9.5402,0.230550722,4
CP,77,158,8.3787,0.261973815,4
CP,77,153,8.4609,0.294070371,4
CP,77,160,7.8282,0.299225876,4
CP,77,166,8.3444,0.296570155,4
CP,77,167,8.056,0.25495283,4
CP,77,146,8.8263,0.225179294,4
CP,77,160,7.0389,0.401696288,5
CP,77,174,7.9907,0.306631459,5
CP,77,145,7.6335,0.367419925,5
CP,77,159,8.5273,0.351987147,5
CP,77,158,8.2902,0.315396492,5
CP,77,94,7.5,0.396173333,5
CP,77,132,6.2049,0.463955906,5
CP,77,167,7.5299,0.412595121,5
CP,77,160,7.5238,0.387875807,5
CP,77,170,6.585,0.428534548,5
CP,77,168,7.2089,0.380751571,5
CP,77,166,7.4031,0.364279829,5
CP,77,159,7.0236,0.428071075,5
CP,77,174,7.6065,0.34959574,5
CP,77,164,8.4325,0.321707679,5
CP,77,132,7.2103,0.4008155,6
CP,77,114,7.6878,0.4226957,6
CP,77,146,8.8506,0.352586265,6
CP,77,166,,,
CP,77,160,,,
CP,77,150,,,
CP,77.5,165,6.8914,0.334155614,4
CP,77.5,165,8.22,0.287116788,4
CP,78,149,10.3425,0.113144791,2
CP,78,108,7.5585,0.165469339,2
CP,78,151,8.0728,0.156153999,2
CP,78,143,7.2947,0.24475304,3
CP,78,166,7.5282,0.229032172,3
CP,78,136,6.45,0.275751938,3
CP,78,133,5.9179,0.285185623,3
CP,78,134,6.19,0.26996769,3
CP,78,148,6.7013,0.321042186,3
CP,78,153,8.1339,0.220570698,3
CP,78,156,8.291,0.216367145,3
CP,78,175,8.6129,0.231130049,3
CP,78,168,7.5405,0.253060142,3
CP,78,146,8.2056,0.198681388,3
CP,78,138,7.6617,0.269039508,3
CP,78,170,7.3063,,3
CP,78,146,7.7338,0.28687062,3
CP,78,163,8.1635,0.220260917,3
CP,78,165,6.8965,0.292104691,3
CP,78,138,7.4808,0.246858625,3
CP,78,164,7.82,0.219616368,3
CP,78,152,9.2086,0.183730426,3
CP,78,163,9.0452,0.185656481,3
CP,78,146,8.8509,0.18905422,3
CP,78,99,8.2,0.299670732,4
CP,78,174,7.6901,0.291647703,4
CP,78,144,8.1627,0.296066253,4
CP,78,154,7.4799,0.308426583,4
CP,78,179,8.6613,0.239363606,4
CP,78,154,7.8994,0.336088817,4
CP,78,178,6.7298,0.335032245,4
CP,78,171,7.1443,0.371191019,4
CP,78,148,7.6289,0.3072789,4
CP,78,153,8.0933,0.336031038,4
CP,78,125,5.7091,0.414320996,4
CP,78,174,7.5223,0.306462119,4
CP,78,115,7.5648,0.308428511,4
CP,78,140,7.2834,0.366971469,4
CP,78,168,8.1988,0.288078743,4
CP,78,164,8.8136,0.284151765,4
CP,78,132,7.238,0.316385742,4
CP,78,143,8.253,0.307221616,4
CP,78,148,8.7341,0.230441602,4
CP,78,138,10.2012,0.212073089,4
CP,78,170,7.9765,0.27297687,4
CP,78,155,9.1823,0.271663962,4
CP,78,159,7.8403,0.33290818,5
CP,78,140,7.4321,0.340872701,5
CP,78,163,7.5111,0.364114444,5
CP,78,174,7.6868,0.378545038,5
CP,78,134,6.8398,0.439632738,5
CP,78,151,7.7123,0.332144756,5
CP,78,154,7.925,0.368050473,5
CP,78,161,8.352,0.389643199,5
CP,78,165,9.3371,0.306604834,5
CP,78,150,8.5562,0.374991234,6
CP,78,138,9.9556,,
CP,78,173,,,
CP,78,138,,,
CP,78,150,8.2361,,
CP,78,156,8.83,,
CP,78,172,6.665,,
CP,78,152,7.9494,,
CP,79,170,9.1133,0.049740489,1
CP,79,171,8.4202,0.120947246,2
CP,79,175,8.0182,0.13904617,2
CP,79,154,8.1083,0.147342846,2
CP,79,170,7.7499,0.169357024,2
CP,79,151,9.49,0.124362487,2
CP,79,162,7.058,0.247761405,3
CP,79,170,7.5621,0.275254228,3
CP,79,129,8.3126,0.168731805,3
CP,79,138,9.2414,0.214015193,3
CP,79,142,8.32,0.295300481,4
CP,79,162,7.6338,0.348882601,4
CP,79,167,8.1393,0.292592729,4
CP,79,163,8.9862,0.221183593,4
CP,79,158,8.3762,0.310331654,4
CP,79,177,7.3797,0.266094828,4
CP,79,175,7.6596,0.317444775,4
CP,79,154,8.3968,0.294981421,4
CP,79,132,8.1795,0.282034354,4
CP,79,170,8.1384,0.291519218,4
CP,79,168,7.1637,0.346678392,4
CP,79,144,8.4568,0.290807398,4
CP,79,169,7.7766,0.329064115,4
CP,79,144,7.9235,0.276115353,4
CP,79,117,8.4284,0.272946229,4
CP,79,158,7.4634,0.368143206,4
CP,79,133,8.57,0.268273046,4
CP,79,150,7.9683,0.288932395,4
CP,79,149,7.6045,0.321059899,4
CP,79,162,7.8835,0.288653517,4
CP,79,156,8.7384,0.272876041,4
CP,79,140,8.9977,0.190306412,4
CP,79,150,9.0723,0.212470928,4
CP,79,172,8.2279,0.316690772,5
CP,79,170,7.7399,0.404850192,5
CP,79,84,6.6074,0.437237037,5
CP,79,154,7.295,0.404482522,5
CP,79,140,8.1075,0.315300648,5
CP,79,169,8.3571,0.359670221,5
CP,79,144,8.1267,0.352492402,5
CP,79,157,7.7039,0.400342684,5
CP,79,134,8.0535,0.328590054,5
CP,79,150,9.1047,0.342724088,5
CP,79,151,8.335,0.365578884,5
CP,79,147,9.8647,0.29364299,5
CP,79,124,9.357,0.290616651,5
CP,79,164,,,5
CP,79,110,9.022,0.328419419,5
CP,79,142,8.67,0.31727797,5
CP,79,165,8.0362,0.377491849,5
CP,79,143,8.4346,0.334823228,5
CP,79,173,7.5892,0.416302114,6
CP,79,136,7.8053,0.429515842,6
CP,79,166,8.7874,0.35624872,6
CP,79,181,9.3477,0.461717856,7
CP,79,164,,,
CP,79,132,8.6939,,
CP,79,138,7.5532,,
CP,79,153,,,
CP,79,164,,,
CP,79,138,,,
CP,80,158,7.2353,0.240459967,3
CP,80,181,8.0906,0.258361555,3
CP,80,175,8.2695,0.257427898,3
CP,80,175,6.4138,0.282219589,3
CP,80,162,9.5493,0.236205795,3
CP,80,162,9.6745,0.186924389,3
CP,80,127,9.8701,,3
CP,80,139,7.8016,0.201843212,3
CP,80,128,7.8041,0.314962648,4
CP,80,147,8.0645,0.288647777,4
CP,80,139,8.596,0.284830154,4
CP,80,178,9.5436,0.247925311,4
CP,80,137,7.3597,0.292742911,4
CP,80,164,7.689,0.298621407,4
CP,80,175,7.6397,0.268518397,4
CP,80,147,7.1818,0.383650338,4
CP,80,167,7.7,0.348805195,4
CP,80,128,6.2253,0.390744221,4
CP,80,161,7.7268,0.31424393,4
CP,80,174,9.0003,0.257246981,4
CP,80,178,7.8,0.310358974,4
CP,80,170,9.1101,0.27572694,4
CP,80,138,8.3496,0.314901313,4
CP,80,164,8.8948,0.300703782,4
CP,80,150,7.725,0.335223301,4
CP,80,139,8.366,0.286289744,4
CP,80,175,8.188,0.287445042,4
CP,80,138,7.2535,0.343241194,4
CP,80,154,7.644,0.32414966,4
CP,80,148,9.2589,0.26674875,4
CP,80,153,10.3143,0.254268346,4
CP,80,181,9.2138,0.254357594,4
CP,80,158,8.8733,0.236879177,4
CP,80,175,8.8779,0.28689217,4
CP,80,144,10.8746,0.199970574,4
CP,80,144,8.7113,0.320859114,5
CP,80,169,8.3616,0.364092997,5
CP,80,172,8.757,0.29696243,5
CP,80,179,8.975,0.330016713,5
CP,80,149,8.2492,0.306041798,5
CP,80,192,8.4964,0.325702651,5
CP,80,172,8.1123,0.311391344,5
CP,80,144,7.7973,0.38390212,5
CP,80,148,7.5269,0.40041717,5
CP,80,96,9.618,0.361530464,5
CP,80,141,7.5746,0.352850316,5
CP,80,174,8.4267,0.378938374,5
CP,80,158,7.5563,0.378080542,5
CP,80,182,10.3094,0.278425515,5
CP,80,158,8.7966,0.345008299,5
CP,80,136,8.7041,0.309371446,5
CP,80,138,7.7765,0.382678583,6
CP,80,178,8.0663,0.423601899,6
CP,80,166,9.0524,0.370001326,6
CP,80,172,9.1082,0.39024176,6
CP,80,114,7.7988,0.395753193,6
CP,80,146,8.5523,0.420974475,6
CP,80,132,7.6055,0.411688909,6
CP,80,,9.1173,0.376876926,6
CP,80,158,9.9056,0.429989097,7
CP,80,178,,,
CP,80,140,,,
CP,80,130,,,
CP,80,134,,,
CP,80,141,,,
CP,80,154,,,
CP,80.5,175,9.6532,0.340788547,6
CP,81,147,7.943,0.084413949,1
CP,81,120,7.382,0.161202926,2
CP,81,129,8.6728,0.13151462,2
CP,81,144,10.5481,0.114172221,2
CP,81,156,8.5328,0.21195856,3
CP,81,166,8.0964,0.220369547,3
CP,81,167,10.0756,0.183373695,3
CP,81,165,8.9374,0.222413677,3
CP,81,124,8.18,0.23007335,3
CP,81,132,8.4635,0.254280144,3
CP,81,128,8.8858,0.188221657,3
CP,81,138,9.6142,0.21095879,3
CP,81,157,9.512,0.210786375,3
CP,81,149,9.6465,0.185683927,3
CP,81,151,9.8341,0.193601855,3
CP,81,166,10.3554,0.156140757,3
CP,81,159,9.1932,0.290725754,4
CP,81,185,9.2228,0.22681832,4
CP,81,172,,,4
CP,81,142,7.8853,0.314128822,4
CP,81,120,8.5734,0.317575291,4
CP,81,175,7.2017,0.302900704,4
CP,81,136,7.283,0.282589592,4
CP,81,160,8.737,0.274911297,4
CP,81,131,8.1568,0.309055022,4
CP,81,144,7.32,0.340587432,4
CP,81,158,9.0633,0.311034612,4
CP,81,114,8.9018,0.329203083,4
CP,81,129,8.9799,0.289012127,4
CP,81,124,7.7,0.277428571,4
CP,81,132,8.3904,0.266816838,4
CP,81,178,9.244,0.29158373,4
CP,81,134,7.3297,0.334256518,4
CP,81,163,8.2057,0.281194779,4
CP,81,108,8.1052,0.301436115,4
CP,81,143,11.4752,0.255211238,5
CP,81,151,7.9649,0.354969931,5
CP,81,162,8.291,0.322807864,5
CP,81,152,9.3232,0.312113866,5
CP,81,154,9.1092,0.272186361,5
CP,81,173,9.4345,0.326154009,5
CP,81,172,9.6745,0.295446793,5
CP,81,147,9.7657,0.248195214,5
CP,81,164,7.1182,0.424854598,5
CP,81,170,6.7721,0.486082604,5
CP,81,134,8.3145,0.333766312,5
CP,81,128,9.294,0.333602324,5
CP,81,147,7.9595,0.324090709,5
CP,81,157,9.8338,0.329055909,5
CP,81,160,8.6634,0.361243853,5
CP,81,156,9.9499,0.250816591,5
CP,81,148,9.9351,0.30357017,5
CP,81,136,9.7392,0.36161081,6
CP,81,160,8.0762,0.416173448,6
CP,81,151,7.4825,0.429281657,6
CP,81,153,8.0876,0.467048321,6
CP,81,131,8.4043,,
CP,81.5,178,8.5747,0.299870549,5
CP,82,173,,,1
CP,82,151,10.4924,0.106534253,2
CP,82,145,8.29,0.225259349,3
CP,82,147,9.015,0.222673322,3
CP,82,152,8.5378,0.190166085,3
CP,82,131,9.9413,0.193676883,3
CP,82,147,7.6498,0.24360114,3
CP,82,161,9.013,0.212792633,3
CP,82,163,8.1433,0.247319883,3
CP,82,165,8.953,0.29120965,4
CP,82,147,9.6706,0.215591587,4
CP,82,158,10.3397,0.215567183,4
CP,82,155,8.3145,0.298767214,4
CP,82,157,8.0838,0.273386279,4
CP,82,156,9.772,0.268819075,4
CP,82,147,8.0721,0.2725437,4
CP,82,94,8.3436,0.267893955,4
CP,82,126,9.6127,0.253934899,4
CP,82,139,8.2113,0.286361477,4
CP,82,178,9.5616,0.248316181,4
CP,82,139,9.1465,0.26040562,4
CP,82,101,10.4165,0.217760284,4
CP,82,136,10.266,0.243074226,4
CP,82,170,10.6566,0.250530188,4
CP,82,141,12.1919,0.230251232,4
CP,82,187,10.2412,0.275465766,5
CP,82,171,9.062,0.282410064,5
CP,82,160,6.9398,0.445373066,5
CP,82,165,8.4999,0.36832198,5
CP,82,120,7.4778,0.366070235,5
CP,82,148,8.1275,0.386059674,5
CP,82,148,8.6682,0.361516809,5
CP,82,143,9.1125,0.322326475,5
CP,82,176,8.832,0.320459692,5
CP,82,176,8.7807,0.349926543,5
CP,82,155,8.212,0.360375061,5
CP,82,158,8.908,0.365704984,5
CP,82,183,9.9186,0.317917851,5
CP,82,175,8.724,0.33196928,5
CP,82,144,8.4925,0.36365028,5
CP,82,163,9.4658,0.339538127,6
CP,82,183,8.0433,0.36793356,6
CP,82,128,7.28,0.464285714,6
CP,82,176,7.7263,0.434386446,6
CP,82,137,9.9284,0.350549938,6
CP,82,164,10.9641,0.333798488,6
CP,82,176,7.8573,0.506153513,7
CP,82,156,,,
CP,82.5,147,8.3802,0.231593518,3
CP,83,130,8.0929,0.164428079,2
CP,83,137,9.426,0.138648419,2
CP,83,142,9.233,0.232048088,3
CP,83,144,10.1562,0.211880428,3
CP,83,139,8.571,0.243133823,3
CP,83,122,8.4548,0.139849553,3
CP,83,143,10.8045,0.219899116,4
CP,83,184,9.3059,0.225394642,4
CP,83,162,8.759,0.223712753,4
CP,83,115,8.1438,0.293302881,4
CP,83,111,7.7568,0.294567347,4
CP,83,145,8.7665,0.251160668,4
CP,83,143,7.869,0.289071038,4
CP,83,142,7.603,0.310101276,4
CP,83,153,7.6808,0.273526195,4
CP,83,151,8.8371,0.296658406,4
CP,83,182,10.4261,0.263713181,4
CP,83,138,9.614,0.28069482,4
CP,83,135,7.3863,0.338681072,4
CP,83,172,9.081,0.356965092,5
CP,83,172,9.3218,0.329603725,5
CP,83,187,7.6909,0.334434201,5
CP,83,152,8.06,0.354615385,5
CP,83,169,8.2139,0.359695151,5
CP,83,146,8.6985,0.324803127,5
CP,83,129,8.0556,0.371853121,5
CP,83,151,7.96,0.393341709,5
CP,83,182,9.8224,0.334490552,5
CP,83,128,8.2082,0.374990863,5
CP,83,135,8.926,0.306397042,5
CP,83,137,8.1858,0.364264947,5
CP,83,137,9.5089,0.301464943,5
CP,83,144,7.3714,0.437569525,5
CP,83,149,9.253,0.332519183,5
CP,83,177,9.6359,0.346454405,6
CP,83,173,9.76,0.360491803,6
CP,83,135,8.8388,0.400099561,6
CP,83,185,8.7,0.418666667,7
CP,83,149,8.457,0.458223956,7
CP,83,137,7.4999,,
CP,83,163,,,
CP,83,148,,,
CP,83.5,155,9.5486,0.242402028,4
CP,83.5,186,9.376,0.304575512,4
CP,84,134,13.2285,,2
CP,84,145,10.733,0.171163701,3
CP,84,174,9.707,0.212135572,4
CP,84,169,9.7579,0.256356388,4
CP,84,142,7.9899,0.316987697,4
CP,84,157,8.3308,0.268845729,4
CP,84,152,8.5995,0.286656201,4
CP,84,152,9.2586,0.314367183,5
CP,84,164,8.6914,0.373760269,5
CP,84,155,8.4398,0.311772791,5
CP,84,169,7.57,0.415099075,5
CP,84,126,8.61,0.348919861,5
CP,84,145,7.968,0.412424699,5
CP,84,187,10.6209,0.324953629,5
CP,84,161,10.2433,0.289193912,5
CP,84,142,9.786,0.369854895,6
CP,84,150,8.9391,0.418196463,6
CP,84,146,11.1702,0.359626506,7
CP,84,183,9.986,0.442669738,8
CP,84,151,,,
CP,85,178,8.5587,0.194725835,3
CP,85,171,9.0408,0.275584019,4
CP,85,173,8.2235,0.313272937,4
CP,85,172,8.4898,0.292539282,4
CP,85,154,8.0038,0.306516904,4
CP,85,136,8.3492,0.30338236,4
CP,85,120,7.9277,0.326185401,4
CP,85,132,9.6399,0.269857571,4
CP,85,164,9.2043,0.238627598,4
CP,85,184,12.1661,0.216873115,4
CP,85,133,7.146,0.392373356,5
CP,85,172,8.4939,0.365332768,5
CP,85,150,7.7992,0.365229767,5
CP,85,165,10.5766,0.351795473,6
CP,85,166,8.2038,0.388515078,6
CP,85,114,8.5005,0.372236927,6
CP,85,144,8.6693,0.371471745,6
CP,85,133,8.9704,0.409714171,6
CP,85,180,10.2128,0.382245809,6
CP,85,190,9.7389,0.389417696,7
CP,86,172,9.3056,,2
CP,86,162,10.1946,0.190139878,4
CP,86,160,8.4369,0.278396093,4
CP,86,184,,,4
CP,86,149,7.79,0.406765083,5
CP,86,144,,,5
CP,86,182,11.3491,0.29613802,5
CP,86,130,7.2993,0.417766087,5
CP,86,180,11.6235,0.250612982,5
CP,86,172,9.367,0.323209138,6
CP,86,135,9.5851,,
CP,87,126,8.8258,0.308176029,4
CP,87,151,10.0718,0.323100141,6
CP,87,124,8.725,0.418796562,6
CP,87,186,10.813,0.386562471,6
CP,87,142,9.466,0.386932178,6
CP,87,186,13.4132,0.299153073,6
CP,88,122,8.8119,0.505044315,7
CP,89,186,13.1991,0.360660954,7
CP,89,182,10.664,0.460727682,9
CP,90,176,8.1706,0.537659413,7
CP,92,172,12.01,0.176011657,3
CP,92,188,11.0671,0.360519016,8
CP,,,6.6037,0.290185805,3
CP,,,6.2218,0.297470185,3
CP,,,6.6171,0.255837149,3
